"repository","format","key","species","date","time","user_name","country","locality","latitude","longitude","file_url","file_extension","observation_url","source","latitude_bins","common_name","background_species","caption","year","month","day","country_state_county","state_province","county","age_sex","behavior","playback","captive","collected","specimen_id","home_archive_catalog_number","recorder","microphone","accessory","partner_institution","ebird_checklist_id","unconfirmed","air_temp__c_","water_temp__c_","media_notes","observation_details","parent_species","species_code","taxon_category","taxonomic_sort","recordist_2","average_community_rating","number_of_ratings","asset_tags","original_image_height","original_image_width"
"iNaturalist","sound",345941194,"Oophaga pumilio","2026-01-28","08:10","John d Reynolds",NA,"10.42925,-84.00453",10.42925,-84.00453,"https://static.inaturalist.org/sounds/1828617.m4a?1774792769","m4a","https://www.inaturalist.org/observations/345941194","op_sound",NA,NA,NA,NA,NA,NA,NA,NA,NA,NA,NA,NA,NA,NA,NA,NA,NA,NA,NA,NA,NA,NA,NA,NA,NA,NA,NA,NA,NA,NA,NA,NA,NA,NA,NA,NA,NA
"iNaturalist","sound",345941175,"Oophaga pumilio","2026-01-27","06:59","John d Reynolds",NA,"10.43842,-84.01607",10.43842,-84.01607,"https://static.inaturalist.org/sounds/1828608.m4a?1774792766","m4a","https://www.inaturalist.org/observations/345941175","op_sound",NA,NA,NA,NA,NA,NA,NA,NA,NA,NA,NA,NA,NA,NA,NA,NA,NA,NA,NA,NA,NA,NA,NA,NA,NA,NA,NA,NA,NA,NA,NA,NA,NA,NA,NA,NA,NA
"iNaturalist","sound",345941170,"Oophaga pumilio","2026-01-27","09:57","John d Reynolds",NA,"10.43842,-84.01607",10.43842,-84.01607,"https://static.inaturalist.org/sounds/1828609.m4a?1774792766","m4a","https://www.inaturalist.org/observations/345941170","op_sound",NA,NA,NA,NA,NA,NA,NA,NA,NA,NA,NA,NA,NA,NA,NA,NA,NA,NA,NA,NA,NA,NA,NA,NA,NA,NA,NA,NA,NA,NA,NA,NA,NA,NA,NA,NA,NA
"iNaturalist","sound",342897666,"Oophaga pumilio","2026-03-14","06:42","Lena Struwe",NA,"10.4311670769,-84.0033453705",10.4311670769,-84.0033453705,"https://static.inaturalist.org/sounds/1805362.m4a?1773492272","m4a","https://www.inaturalist.org/observations/342897666","op_sound",NA,NA,NA,NA,NA,NA,NA,NA,NA,NA,NA,NA,NA,NA,NA,NA,NA,NA,NA,NA,NA,NA,NA,NA,NA,NA,NA,NA,NA,NA,NA,NA,NA,NA,NA,NA,NA
"iNaturalist","sound",339120973,"Oophaga pumilio","2026-02-17","22:25","Manuel Raab",NA,"9.7839310271,-83.7518556161",9.7839310271,-83.7518556161,"https://static.inaturalist.org/sounds/1770586.m4a?1771388759","m4a","https://www.inaturalist.org/observations/339120973","op_sound",NA,NA,NA,NA,NA,NA,NA,NA,NA,NA,NA,NA,NA,NA,NA,NA,NA,NA,NA,NA,NA,NA,NA,NA,NA,NA,NA,NA,NA,NA,NA,NA,NA,NA,NA,NA,NA
"iNaturalist","sound",335478927,"Oophaga pumilio","2026-01-19","09:49","Mathias Picenoni",NA,"10.4500785799,-84.0678547596",10.4500785799,-84.0678547596,"https://static.inaturalist.org/sounds/1746322.m4a?1768915051","m4a","https://www.inaturalist.org/observations/335478927","op_sound",NA,NA,NA,NA,NA,NA,NA,NA,NA,NA,NA,NA,NA,NA,NA,NA,NA,NA,NA,NA,NA,NA,NA,NA,NA,NA,NA,NA,NA,NA,NA,NA,NA,NA,NA,NA,NA
"iNaturalist","sound",335147791,"Oophaga pumilio","2026-01-17","19:16","Hans Holbrook",NA,"10.1535339297,-84.2236054307",10.1535339297,-84.2236054307,"https://static.inaturalist.org/sounds/1743894.m4a?1768700013","m4a","https://www.inaturalist.org/observations/335147791","op_sound",NA,NA,NA,NA,NA,NA,NA,NA,NA,NA,NA,NA,NA,NA,NA,NA,NA,NA,NA,NA,NA,NA,NA,NA,NA,NA,NA,NA,NA,NA,NA,NA,NA,NA,NA,NA,NA
"iNaturalist","sound",333973394,"Oophaga pumilio","2026-01-07","08:37","Mae Wensing",NA,"10.4168496769,-84.1245315963",10.4168496769,-84.1245315963,"https://static.inaturalist.org/sounds/1735906.m4a?1767883454","m4a","https://www.inaturalist.org/observations/333973394","op_sound",NA,NA,NA,NA,NA,NA,NA,NA,NA,NA,NA,NA,NA,NA,NA,NA,NA,NA,NA,NA,NA,NA,NA,NA,NA,NA,NA,NA,NA,NA,NA,NA,NA,NA,NA,NA,NA
"iNaturalist","sound",322086665,"Oophaga pumilio",NA,NA,"Jazz",NA,"10.417119884,-84.1252052039",10.417119884,-84.1252052039,"https://static.inaturalist.org/sounds/1673133.mp3?1760983646","mp3","https://www.inaturalist.org/observations/322086665","op_sound",NA,NA,NA,NA,NA,NA,NA,NA,NA,NA,NA,NA,NA,NA,NA,NA,NA,NA,NA,NA,NA,NA,NA,NA,NA,NA,NA,NA,NA,NA,NA,NA,NA,NA,NA,NA,NA
"iNaturalist","sound",310765628,"Oophaga pumilio","2025-08-23","19:40","Arnaud Aury",NA,"9.1765140712,-82.0968611638",9.1765140712,-82.0968611638,"https://static.inaturalist.org/sounds/1626237.mp3?1757083398","mp3","https://www.inaturalist.org/observations/310765628","op_sound",NA,NA,NA,NA,NA,NA,NA,NA,NA,NA,NA,NA,NA,NA,NA,NA,NA,NA,NA,NA,NA,NA,NA,NA,NA,NA,NA,NA,NA,NA,NA,NA,NA,NA,NA,NA,NA
"iNaturalist","sound",303844961,"Oophaga pumilio","2025-08-04","10:12","Chris Harrison",NA,"10.05526676,-83.5511575499",10.05526676,-83.5511575499,"https://static.inaturalist.org/sounds/1593720.m4a?1754349320","m4a","https://www.inaturalist.org/observations/303844961","op_sound",NA,NA,NA,NA,NA,NA,NA,NA,NA,NA,NA,NA,NA,NA,NA,NA,NA,NA,NA,NA,NA,NA,NA,NA,NA,NA,NA,NA,NA,NA,NA,NA,NA,NA,NA,NA,NA
"iNaturalist","sound",303452420,"Oophaga pumilio","2025-08-03","10:06","D.j. Mcneil",NA,"10.4339594906,-84.0047952254",10.4339594906,-84.0047952254,"https://static.inaturalist.org/sounds/1592086.m4a?1754239183","m4a","https://www.inaturalist.org/observations/303452420","op_sound",NA,NA,NA,NA,NA,NA,NA,NA,NA,NA,NA,NA,NA,NA,NA,NA,NA,NA,NA,NA,NA,NA,NA,NA,NA,NA,NA,NA,NA,NA,NA,NA,NA,NA,NA,NA,NA
"iNaturalist","sound",279130352,"Oophaga pumilio","2025-04-10","11:01","Barbara Peck",NA,"10.4232682,-84.0220298",10.4232682,-84.0220298,"https://static.inaturalist.org/sounds/1445728.wav?1746586256","wav","https://www.inaturalist.org/observations/279130352","op_sound",NA,NA,NA,NA,NA,NA,NA,NA,NA,NA,NA,NA,NA,NA,NA,NA,NA,NA,NA,NA,NA,NA,NA,NA,NA,NA,NA,NA,NA,NA,NA,NA,NA,NA,NA,NA,NA
"iNaturalist","sound",262713883,"Oophaga pumilio","2025-02-22","11:17","Cmbeers",NA,"10.435076966,-84.0086487216",10.435076966,-84.0086487216,"https://static.inaturalist.org/sounds/1313703.m4a?1740246377","m4a","https://www.inaturalist.org/observations/262713883","op_sound",NA,NA,NA,NA,NA,NA,NA,NA,NA,NA,NA,NA,NA,NA,NA,NA,NA,NA,NA,NA,NA,NA,NA,NA,NA,NA,NA,NA,NA,NA,NA,NA,NA,NA,NA,NA,NA
"iNaturalist","sound",261151067,"Oophaga pumilio","2025-01-11","11:29","Liam Wolff",NA,"10.4711930559,-84.6004327602",10.4711930559,-84.6004327602,"https://static.inaturalist.org/sounds/1303649.wav?1739125780","wav","https://www.inaturalist.org/observations/261151067","op_sound",NA,NA,NA,NA,NA,NA,NA,NA,NA,NA,NA,NA,NA,NA,NA,NA,NA,NA,NA,NA,NA,NA,NA,NA,NA,NA,NA,NA,NA,NA,NA,NA,NA,NA,NA,NA,NA
"iNaturalist","sound",258777749,"Oophaga pumilio","2025-01-17","16:14","Stephene334",NA,"10.5438176024,-83.5128882089",10.5438176024,-83.5128882089,"https://static.inaturalist.org/sounds/1287623.m4a?1737152596","m4a","https://www.inaturalist.org/observations/258777749","op_sound",NA,NA,NA,NA,NA,NA,NA,NA,NA,NA,NA,NA,NA,NA,NA,NA,NA,NA,NA,NA,NA,NA,NA,NA,NA,NA,NA,NA,NA,NA,NA,NA,NA,NA,NA,NA,NA
"iNaturalist","sound",255607585,"Oophaga pumilio","2024-12-19","10:30","Marley Peifer",NA,"9.408938931,-82.3142619404",9.408938931,-82.3142619404,"https://static.inaturalist.org/sounds/1269946.m4a?1734634649","m4a","https://www.inaturalist.org/observations/255607585","op_sound",NA,NA,NA,NA,NA,NA,NA,NA,NA,NA,NA,NA,NA,NA,NA,NA,NA,NA,NA,NA,NA,NA,NA,NA,NA,NA,NA,NA,NA,NA,NA,NA,NA,NA,NA,NA,NA
"iNaturalist","sound",247940054,"Oophaga pumilio","2024-10-18","09:55","John Matthew Erickson",NA,"9.6708232244,-82.8277080704",9.6708232244,-82.8277080704,"https://static.inaturalist.org/sounds/1232329.m4a?1729273250","m4a","https://www.inaturalist.org/observations/247940054","op_sound",NA,NA,NA,NA,NA,NA,NA,NA,NA,NA,NA,NA,NA,NA,NA,NA,NA,NA,NA,NA,NA,NA,NA,NA,NA,NA,NA,NA,NA,NA,NA,NA,NA,NA,NA,NA,NA
"iNaturalist","sound",233515754,"Oophaga pumilio","2024-08-03","10:22","Randall Jiménez",NA,"10.4517542002,-84.0570354855",10.4517542002,-84.0570354855,"https://static.inaturalist.org/sounds/1151577.m4a?1722703038","m4a","https://www.inaturalist.org/observations/233515754","op_sound",NA,NA,NA,NA,NA,NA,NA,NA,NA,NA,NA,NA,NA,NA,NA,NA,NA,NA,NA,NA,NA,NA,NA,NA,NA,NA,NA,NA,NA,NA,NA,NA,NA,NA,NA,NA,NA
"iNaturalist","sound",226669665,"Oophaga pumilio","2024-07-02","06:59","Connor E. J. Graham",NA,"10.4555460674,-84.0087949204",10.4555460674,-84.0087949204,"https://static.inaturalist.org/sounds/1117925.m4a?1719925204","m4a","https://www.inaturalist.org/observations/226669665","op_sound",NA,NA,NA,NA,NA,NA,NA,NA,NA,NA,NA,NA,NA,NA,NA,NA,NA,NA,NA,NA,NA,NA,NA,NA,NA,NA,NA,NA,NA,NA,NA,NA,NA,NA,NA,NA,NA
"iNaturalist","sound",226669014,"Oophaga pumilio","2024-07-02","06:54","Connor E. J. Graham",NA,"10.4557132661,-84.0094360161",10.4557132661,-84.0094360161,"https://static.inaturalist.org/sounds/1117921.m4a?1719924912","m4a","https://www.inaturalist.org/observations/226669014","op_sound",NA,NA,NA,NA,NA,NA,NA,NA,NA,NA,NA,NA,NA,NA,NA,NA,NA,NA,NA,NA,NA,NA,NA,NA,NA,NA,NA,NA,NA,NA,NA,NA,NA,NA,NA,NA,NA
"iNaturalist","sound",226668999,"Oophaga pumilio","2024-07-02","06:54","Connor E. J. Graham",NA,"10.4556130897,-84.0095376224",10.4556130897,-84.0095376224,"https://static.inaturalist.org/sounds/1117919.m4a?1719924906","m4a","https://www.inaturalist.org/observations/226668999","op_sound",NA,NA,NA,NA,NA,NA,NA,NA,NA,NA,NA,NA,NA,NA,NA,NA,NA,NA,NA,NA,NA,NA,NA,NA,NA,NA,NA,NA,NA,NA,NA,NA,NA,NA,NA,NA,NA
"iNaturalist","sound",226668992,"Oophaga pumilio","2024-07-02","06:53","Connor E. J. Graham",NA,"10.4556134669,-84.0095372033",10.4556134669,-84.0095372033,"https://static.inaturalist.org/sounds/1117918.m4a?1719924903","m4a","https://www.inaturalist.org/observations/226668992","op_sound",NA,NA,NA,NA,NA,NA,NA,NA,NA,NA,NA,NA,NA,NA,NA,NA,NA,NA,NA,NA,NA,NA,NA,NA,NA,NA,NA,NA,NA,NA,NA,NA,NA,NA,NA,NA,NA
"iNaturalist","sound",226585224,"Oophaga pumilio","2024-07-01","17:57","Connor E. J. Graham",NA,"10.455581747,-84.0096153426",10.455581747,-84.0096153426,"https://static.inaturalist.org/sounds/1117435.m4a?1719882934","m4a","https://www.inaturalist.org/observations/226585224","op_sound",NA,NA,NA,NA,NA,NA,NA,NA,NA,NA,NA,NA,NA,NA,NA,NA,NA,NA,NA,NA,NA,NA,NA,NA,NA,NA,NA,NA,NA,NA,NA,NA,NA,NA,NA,NA,NA
"iNaturalist","sound",211137460,"Oophaga pumilio","2023-05-08","07:20","Naturelover1983",NA,"10.3274522337,-84.4862192012",10.3274522337,-84.4862192012,"https://static.inaturalist.org/sounds/999106.m4a?1714341295","m4a","https://www.inaturalist.org/observations/211137460","op_sound",NA,NA,NA,NA,NA,NA,NA,NA,NA,NA,NA,NA,NA,NA,NA,NA,NA,NA,NA,NA,NA,NA,NA,NA,NA,NA,NA,NA,NA,NA,NA,NA,NA,NA,NA,NA,NA
"iNaturalist","sound",202369652,"Oophaga pumilio","2024-03-13","06:56","Lena Struwe",NA,"10.4308809852,-84.0031625983",10.4308809852,-84.0031625983,"https://static.inaturalist.org/sounds/928028.m4a?1710391454","m4a","https://www.inaturalist.org/observations/202369652","op_sound",NA,NA,NA,NA,NA,NA,NA,NA,NA,NA,NA,NA,NA,NA,NA,NA,NA,NA,NA,NA,NA,NA,NA,NA,NA,NA,NA,NA,NA,NA,NA,NA,NA,NA,NA,NA,NA
"iNaturalist","sound",201254652,"Oophaga pumilio","2024-02-25","10:11","Mob-Critters",NA,"9.1807723121,-82.2732687961",9.1807723121,-82.2732687961,"https://static.inaturalist.org/sounds/916325.wav?1709558696","wav","https://www.inaturalist.org/observations/201254652","op_sound",NA,NA,NA,NA,NA,NA,NA,NA,NA,NA,NA,NA,NA,NA,NA,NA,NA,NA,NA,NA,NA,NA,NA,NA,NA,NA,NA,NA,NA,NA,NA,NA,NA,NA,NA,NA,NA
"iNaturalist","sound",201175860,"Oophaga pumilio","2024-02-27","10:05","Mob-Critters",NA,"9.4425066802,-82.4166495503",9.4425066802,-82.4166495503,"https://static.inaturalist.org/sounds/915524.wav?1709499702","wav","https://www.inaturalist.org/observations/201175860","op_sound",NA,NA,NA,NA,NA,NA,NA,NA,NA,NA,NA,NA,NA,NA,NA,NA,NA,NA,NA,NA,NA,NA,NA,NA,NA,NA,NA,NA,NA,NA,NA,NA,NA,NA,NA,NA,NA
"iNaturalist","sound",201140455,"Oophaga pumilio","2024-02-27","09:06","Acasefornature",NA,"10.4875201196,-84.754235521",10.4875201196,-84.754235521,"https://static.inaturalist.org/sounds/940419.m4a?1711391652","m4a","https://www.inaturalist.org/observations/201140455","op_sound",NA,NA,NA,NA,NA,NA,NA,NA,NA,NA,NA,NA,NA,NA,NA,NA,NA,NA,NA,NA,NA,NA,NA,NA,NA,NA,NA,NA,NA,NA,NA,NA,NA,NA,NA,NA,NA
"iNaturalist","sound",201140455,"Oophaga pumilio","2024-02-27","09:06","Acasefornature",NA,"10.4875201196,-84.754235521",10.4875201196,-84.754235521,"https://static.inaturalist.org/sounds/940420.m4a?1711391656","m4a","https://www.inaturalist.org/observations/201140455","op_sound",NA,NA,NA,NA,NA,NA,NA,NA,NA,NA,NA,NA,NA,NA,NA,NA,NA,NA,NA,NA,NA,NA,NA,NA,NA,NA,NA,NA,NA,NA,NA,NA,NA,NA,NA,NA,NA
"iNaturalist","sound",154293506,"Oophaga pumilio","2023-04-03","08:46","Hsug1747",NA,"10.0255127266,-83.4962483357",10.0255127266,-83.4962483357,"https://static.inaturalist.org/sounds/638600.wav?1681145381","wav","https://www.inaturalist.org/observations/154293506","op_sound",NA,NA,NA,NA,NA,NA,NA,NA,NA,NA,NA,NA,NA,NA,NA,NA,NA,NA,NA,NA,NA,NA,NA,NA,NA,NA,NA,NA,NA,NA,NA,NA,NA,NA,NA,NA,NA
"iNaturalist","sound",151997314,"Oophaga pumilio","2023-03-22","16:33","No Rights Reserved",NA,"10.43246883,-84.00667985",10.43246883,-84.00667985,"https://static.inaturalist.org/sounds/621406.wav?1679544393","wav","https://www.inaturalist.org/observations/151997314","op_sound",NA,NA,NA,NA,NA,NA,NA,NA,NA,NA,NA,NA,NA,NA,NA,NA,NA,NA,NA,NA,NA,NA,NA,NA,NA,NA,NA,NA,NA,NA,NA,NA,NA,NA,NA,NA,NA
"iNaturalist","sound",148317712,"Oophaga pumilio","2014-04-11","09:25","Probreviceps",NA,"10.4510560564,-83.9952136069",10.4510560564,-83.9952136069,"https://static.inaturalist.org/sounds/594582.mp3?1675865457","mp3","https://www.inaturalist.org/observations/148317712","op_sound",NA,NA,NA,NA,NA,NA,NA,NA,NA,NA,NA,NA,NA,NA,NA,NA,NA,NA,NA,NA,NA,NA,NA,NA,NA,NA,NA,NA,NA,NA,NA,NA,NA,NA,NA,NA,NA
"iNaturalist","sound",146347907,"Oophaga pumilio","2023-01-02","11:58","Chris Harrison",NA,"10.450780697,-84.068365431",10.450780697,-84.068365431,"https://static.inaturalist.org/sounds/593240.wav?1675622598","wav","https://www.inaturalist.org/observations/146347907","op_sound",NA,NA,NA,NA,NA,NA,NA,NA,NA,NA,NA,NA,NA,NA,NA,NA,NA,NA,NA,NA,NA,NA,NA,NA,NA,NA,NA,NA,NA,NA,NA,NA,NA,NA,NA,NA,NA
"iNaturalist","sound",145530689,"Oophaga pumilio","2022-12-31","14:20","Chris Harrison",NA,"10.4508175142,-84.0689569339",10.4508175142,-84.0689569339,"https://static.inaturalist.org/sounds/579184.wav?1672521855","wav","https://www.inaturalist.org/observations/145530689","op_sound",NA,NA,NA,NA,NA,NA,NA,NA,NA,NA,NA,NA,NA,NA,NA,NA,NA,NA,NA,NA,NA,NA,NA,NA,NA,NA,NA,NA,NA,NA,NA,NA,NA,NA,NA,NA,NA
"iNaturalist","sound",138340837,"Oophaga pumilio","2022-10-10","16:27","Arensburger",NA,"10.4306228512,-84.0069710836",10.4306228512,-84.0069710836,"https://static.inaturalist.org/sounds/549981.wav?1665854801","wav","https://www.inaturalist.org/observations/138340837","op_sound",NA,NA,NA,NA,NA,NA,NA,NA,NA,NA,NA,NA,NA,NA,NA,NA,NA,NA,NA,NA,NA,NA,NA,NA,NA,NA,NA,NA,NA,NA,NA,NA,NA,NA,NA,NA,NA
"iNaturalist","sound",110342126,"Oophaga pumilio","2022-02-18","08:26","John d Reynolds",NA,"10.4303761836,-84.0084614814",10.4303761836,-84.0084614814,"https://static.inaturalist.org/sounds/384642.m4a?1649026523","m4a","https://www.inaturalist.org/observations/110342126","op_sound",NA,NA,NA,NA,NA,NA,NA,NA,NA,NA,NA,NA,NA,NA,NA,NA,NA,NA,NA,NA,NA,NA,NA,NA,NA,NA,NA,NA,NA,NA,NA,NA,NA,NA,NA,NA,NA
"iNaturalist","sound",110338565,"Oophaga pumilio","2022-02-17","14:24","John d Reynolds",NA,"10.4361121536,-84.0088221947",10.4361121536,-84.0088221947,"https://static.inaturalist.org/sounds/384614.m4a?1649024606","m4a","https://www.inaturalist.org/observations/110338565","op_sound",NA,NA,NA,NA,NA,NA,NA,NA,NA,NA,NA,NA,NA,NA,NA,NA,NA,NA,NA,NA,NA,NA,NA,NA,NA,NA,NA,NA,NA,NA,NA,NA,NA,NA,NA,NA,NA
"iNaturalist","sound",104142553,"Oophaga pumilio","2021-10-15","08:34","Scott Olmstead",NA,"9.8097684777,-83.0705906556",9.8097684777,-83.0705906556,"https://static.inaturalist.org/sounds/342414.mp3?1641081522","mp3","https://www.inaturalist.org/observations/104142553","op_sound",NA,NA,NA,NA,NA,NA,NA,NA,NA,NA,NA,NA,NA,NA,NA,NA,NA,NA,NA,NA,NA,NA,NA,NA,NA,NA,NA,NA,NA,NA,NA,NA,NA,NA,NA,NA,NA
"iNaturalist","sound",69145557,"Oophaga pumilio","2019-04-11","16:36","Zeres Cubilla",NA,"9.4132524765,-82.5826436654",9.4132524765,-82.5826436654,"https://static.inaturalist.org/sounds/260228.m4a?1624457624","m4a","https://www.inaturalist.org/observations/69145557","op_sound",NA,NA,NA,NA,NA,NA,NA,NA,NA,NA,NA,NA,NA,NA,NA,NA,NA,NA,NA,NA,NA,NA,NA,NA,NA,NA,NA,NA,NA,NA,NA,NA,NA,NA,NA,NA,NA
"iNaturalist","sound",63813962,"Oophaga pumilio","2020-10-30","05:40","Irene Gutérrez",NA,"9.6510326167,-82.742481025",9.6510326167,-82.742481025,"https://static.inaturalist.org/sounds/145854.wav?1604059285","wav","https://www.inaturalist.org/observations/63813962","op_sound",NA,NA,NA,NA,NA,NA,NA,NA,NA,NA,NA,NA,NA,NA,NA,NA,NA,NA,NA,NA,NA,NA,NA,NA,NA,NA,NA,NA,NA,NA,NA,NA,NA,NA,NA,NA,NA
"iNaturalist","sound",63099529,"Oophaga pumilio","2020-10-20","08:50","Mario Montero-Guzmán",NA,"10.213774,-83.789787",10.213774,-83.789787,"https://static.inaturalist.org/sounds/144139.mpga?1603211004","mp3","https://www.inaturalist.org/observations/63099529","op_sound",NA,NA,NA,NA,NA,NA,NA,NA,NA,NA,NA,NA,NA,NA,NA,NA,NA,NA,NA,NA,NA,NA,NA,NA,NA,NA,NA,NA,NA,NA,NA,NA,NA,NA,NA,NA,NA
"iNaturalist","sound",63099529,"Oophaga pumilio","2020-10-20","08:50","Mario Montero-Guzmán",NA,"10.213774,-83.789787",10.213774,-83.789787,"https://static.inaturalist.org/sounds/144140.mpga?1603211619","mp3","https://www.inaturalist.org/observations/63099529","op_sound",NA,NA,NA,NA,NA,NA,NA,NA,NA,NA,NA,NA,NA,NA,NA,NA,NA,NA,NA,NA,NA,NA,NA,NA,NA,NA,NA,NA,NA,NA,NA,NA,NA,NA,NA,NA,NA
"iNaturalist","sound",52246581,"Oophaga pumilio","2020-07-07","05:46","Julio Barquero Elizondo",NA,"10.09672866,-83.48090143",10.09672866,-83.48090143,"https://static.inaturalist.org/sounds/117887.m4a?1594122910","m4a","https://www.inaturalist.org/observations/52246581","op_sound",NA,NA,NA,NA,NA,NA,NA,NA,NA,NA,NA,NA,NA,NA,NA,NA,NA,NA,NA,NA,NA,NA,NA,NA,NA,NA,NA,NA,NA,NA,NA,NA,NA,NA,NA,NA,NA
"iNaturalist","sound",45424729,"Oophaga pumilio","2020-05-09","21:40","Guillermo Funes",NA,"9.8921491909,-83.6478674973",9.8921491909,-83.6478674973,"https://static.inaturalist.org/sounds/86059.mp3?1589066102","mp3","https://www.inaturalist.org/observations/45424729","op_sound",NA,NA,NA,NA,NA,NA,NA,NA,NA,NA,NA,NA,NA,NA,NA,NA,NA,NA,NA,NA,NA,NA,NA,NA,NA,NA,NA,NA,NA,NA,NA,NA,NA,NA,NA,NA,NA
"iNaturalist","sound",41067730,"Oophaga pumilio","2020-03-29","12:13","Silvan Son San",NA,"9.6239003331,-82.6198217645",9.6239003331,-82.6198217645,"https://static.inaturalist.org/sounds/65481.wav?1585601555","wav","https://www.inaturalist.org/observations/41067730","op_sound",NA,NA,NA,NA,NA,NA,NA,NA,NA,NA,NA,NA,NA,NA,NA,NA,NA,NA,NA,NA,NA,NA,NA,NA,NA,NA,NA,NA,NA,NA,NA,NA,NA,NA,NA,NA,NA
"iNaturalist","sound",39415347,"Oophaga pumilio","2020-01-20","22:07","Samantha Hughes",NA,"10.430623,-84.006971",10.430623,-84.006971,"https://static.inaturalist.org/sounds/59514.m4a?1583092087","m4a","https://www.inaturalist.org/observations/39415347","op_sound",NA,NA,NA,NA,NA,NA,NA,NA,NA,NA,NA,NA,NA,NA,NA,NA,NA,NA,NA,NA,NA,NA,NA,NA,NA,NA,NA,NA,NA,NA,NA,NA,NA,NA,NA,NA,NA
"iNaturalist","sound",36940587,"Oophaga pumilio","2019-11-18","11:02","Carles Guinart",NA,"9.3439519722,-82.1750389722",9.3439519722,-82.1750389722,"https://static.inaturalist.org/sounds/54513.mp3?1578658178","mp3","https://www.inaturalist.org/observations/36940587","op_sound",NA,NA,NA,NA,NA,NA,NA,NA,NA,NA,NA,NA,NA,NA,NA,NA,NA,NA,NA,NA,NA,NA,NA,NA,NA,NA,NA,NA,NA,NA,NA,NA,NA,NA,NA,NA,NA
"iNaturalist","sound",2899738,"Oophaga pumilio","2014-08-12","20:49","Chris Harrison",NA,"10.412182,-84.123669",10.412182,-84.123669,"https://static.inaturalist.org/sounds/8219.mp3?1502906462","mp3","https://www.inaturalist.org/observations/2899738","op_sound",NA,NA,NA,NA,NA,NA,NA,NA,NA,NA,NA,NA,NA,NA,NA,NA,NA,NA,NA,NA,NA,NA,NA,NA,NA,NA,NA,NA,NA,NA,NA,NA,NA,NA,NA,NA,NA
"iNaturalist","image",347896553,"Oophaga pumilio","2026-04-04","09:35","Andrés Jara",NA,"9.6455093,-82.7415859997",9.6455093,-82.7415859997,"https://static.inaturalist.org/photos/634399207/original.jpg","jpeg","https://www.inaturalist.org/observations/347896553","op_image_ca_sample","(9.61,9.78]",NA,NA,NA,NA,NA,NA,NA,NA,NA,NA,NA,NA,NA,NA,NA,NA,NA,NA,NA,NA,NA,NA,NA,NA,NA,NA,NA,NA,NA,NA,NA,NA,NA,NA,NA,NA
"iNaturalist","image",347896553,"Oophaga pumilio","2026-04-04","09:35","Andrés Jara",NA,"9.6455093,-82.7415859997",9.6455093,-82.7415859997,"https://static.inaturalist.org/photos/634399275/original.jpg","jpeg","https://www.inaturalist.org/observations/347896553","op_image_ca_sample","(9.61,9.78]",NA,NA,NA,NA,NA,NA,NA,NA,NA,NA,NA,NA,NA,NA,NA,NA,NA,NA,NA,NA,NA,NA,NA,NA,NA,NA,NA,NA,NA,NA,NA,NA,NA,NA,NA,NA
"iNaturalist","image",347880651,"Oophaga pumilio","2026-04-06","11:42","William Cordero",NA,"9.3979901463,-83.1986830384",9.3979901463,-83.1986830384,"https://inaturalist-open-data.s3.amazonaws.com/photos/634366571/original.jpg","jpeg","https://www.inaturalist.org/observations/347880651","op_image_ca_sample","(9.29,9.45]",NA,NA,NA,NA,NA,NA,NA,NA,NA,NA,NA,NA,NA,NA,NA,NA,NA,NA,NA,NA,NA,NA,NA,NA,NA,NA,NA,NA,NA,NA,NA,NA,NA,NA,NA,NA
"iNaturalist","image",347785321,"Oophaga pumilio",NA,NA,"Guillaume Hoffmann",NA,"10.4817063018,-84.6161904616",10.4817063018,-84.6161904616,"https://inaturalist-open-data.s3.amazonaws.com/photos/634181603/original.jpg","jpeg","https://www.inaturalist.org/observations/347785321","op_image_ca_sample","(10.4,10.6]",NA,NA,NA,NA,NA,NA,NA,NA,NA,NA,NA,NA,NA,NA,NA,NA,NA,NA,NA,NA,NA,NA,NA,NA,NA,NA,NA,NA,NA,NA,NA,NA,NA,NA,NA,NA
"iNaturalist","image",347785321,"Oophaga pumilio",NA,NA,"Guillaume Hoffmann",NA,"10.4817063018,-84.6161904616",10.4817063018,-84.6161904616,"https://inaturalist-open-data.s3.amazonaws.com/photos/634181658/original.jpg","jpeg","https://www.inaturalist.org/observations/347785321","op_image_ca_sample","(10.4,10.6]",NA,NA,NA,NA,NA,NA,NA,NA,NA,NA,NA,NA,NA,NA,NA,NA,NA,NA,NA,NA,NA,NA,NA,NA,NA,NA,NA,NA,NA,NA,NA,NA,NA,NA,NA,NA
"iNaturalist","image",347635516,"Oophaga pumilio","2026-04-05","12:34","A_brown",NA,"10.1548029367,-84.0044015117",10.1548029367,-84.0044015117,"https://static.inaturalist.org/photos/633877456/original.jpg","jpeg","https://www.inaturalist.org/observations/347635516","op_image_ca_sample","(10.1,10.3]",NA,NA,NA,NA,NA,NA,NA,NA,NA,NA,NA,NA,NA,NA,NA,NA,NA,NA,NA,NA,NA,NA,NA,NA,NA,NA,NA,NA,NA,NA,NA,NA,NA,NA,NA,NA
"iNaturalist","image",347550241,"Oophaga pumilio","2026-02-27","15:27","Adriench",NA,"10.4164402742,-84.1235556984",10.4164402742,-84.1235556984,"https://inaturalist-open-data.s3.amazonaws.com/photos/633711322/original.jpg","jpeg","https://www.inaturalist.org/observations/347550241","op_image_ca_sample","(10.3,10.4]",NA,NA,NA,NA,NA,NA,NA,NA,NA,NA,NA,NA,NA,NA,NA,NA,NA,NA,NA,NA,NA,NA,NA,NA,NA,NA,NA,NA,NA,NA,NA,NA,NA,NA,NA,NA
"iNaturalist","image",346985391,"Oophaga pumilio","2026-03-20","22:30","Marvin Biedermann",NA,"10.0562320921,-83.5483131093",10.0562320921,-83.5483131093,"https://inaturalist-open-data.s3.amazonaws.com/photos/632590347/original.jpg","jpeg","https://www.inaturalist.org/observations/346985391","op_image_ca_sample","(9.94,10.1]",NA,NA,NA,NA,NA,NA,NA,NA,NA,NA,NA,NA,NA,NA,NA,NA,NA,NA,NA,NA,NA,NA,NA,NA,NA,NA,NA,NA,NA,NA,NA,NA,NA,NA,NA,NA
"iNaturalist","image",346855236,"Oophaga pumilio","2026-04-02","14:26","Philippe Voidrot",NA,"9.8949026,-83.657049",9.8949026,-83.657049,"https://static.inaturalist.org/photos/632328444/original.jpg","jpeg","https://www.inaturalist.org/observations/346855236","op_image_ca_sample","(9.78,9.94]",NA,NA,NA,NA,NA,NA,NA,NA,NA,NA,NA,NA,NA,NA,NA,NA,NA,NA,NA,NA,NA,NA,NA,NA,NA,NA,NA,NA,NA,NA,NA,NA,NA,NA,NA,NA
"iNaturalist","image",346674609,"Oophaga pumilio","2026-03-31","12:09","Briannahao88",NA,"9.5997047966,-82.6449491571",9.5997047966,-82.6449491571,"https://inaturalist-open-data.s3.amazonaws.com/photos/631971138/original.jpg","jpeg","https://www.inaturalist.org/observations/346674609","op_image_ca_sample","(9.45,9.61]",NA,NA,NA,NA,NA,NA,NA,NA,NA,NA,NA,NA,NA,NA,NA,NA,NA,NA,NA,NA,NA,NA,NA,NA,NA,NA,NA,NA,NA,NA,NA,NA,NA,NA,NA,NA
"iNaturalist","image",346061223,"Oophaga pumilio","2026-03-22","10:03","Roger A. Morales-Flores",NA,"9.252095,-82.1457528333",9.252095,-82.1457528333,"https://inaturalist-open-data.s3.amazonaws.com/photos/631619305/original.jpg","jpeg","https://www.inaturalist.org/observations/346061223","op_image_ca_sample","(9.12,9.29]",NA,NA,NA,NA,NA,NA,NA,NA,NA,NA,NA,NA,NA,NA,NA,NA,NA,NA,NA,NA,NA,NA,NA,NA,NA,NA,NA,NA,NA,NA,NA,NA,NA,NA,NA,NA
"iNaturalist","image",345905996,"Oophaga pumilio","2026-03-28","09:13","Jairo Moya Vargas",NA,"10.9061644694,-85.3060255945",10.9061644694,-85.3060255945,"https://inaturalist-open-data.s3.amazonaws.com/photos/630456063/original.jpg","jpeg","https://www.inaturalist.org/observations/345905996","op_image_ca_sample","(10.8,10.9]",NA,NA,NA,NA,NA,NA,NA,NA,NA,NA,NA,NA,NA,NA,NA,NA,NA,NA,NA,NA,NA,NA,NA,NA,NA,NA,NA,NA,NA,NA,NA,NA,NA,NA,NA,NA
"iNaturalist","image",345905996,"Oophaga pumilio","2026-03-28","09:13","Jairo Moya Vargas",NA,"10.9061644694,-85.3060255945",10.9061644694,-85.3060255945,"https://inaturalist-open-data.s3.amazonaws.com/photos/630456146/original.jpg","jpeg","https://www.inaturalist.org/observations/345905996","op_image_ca_sample","(10.8,10.9]",NA,NA,NA,NA,NA,NA,NA,NA,NA,NA,NA,NA,NA,NA,NA,NA,NA,NA,NA,NA,NA,NA,NA,NA,NA,NA,NA,NA,NA,NA,NA,NA,NA,NA,NA,NA
"iNaturalist","image",345788436,"Oophaga pumilio","2016-09-05","07:43","Niff82",NA,"10.7241384,-85.0738445",10.7241384,-85.0738445,"https://inaturalist-open-data.s3.amazonaws.com/photos/630215770/original.jpg","jpeg","https://www.inaturalist.org/observations/345788436","op_image_ca_sample","(10.6,10.8]",NA,NA,NA,NA,NA,NA,NA,NA,NA,NA,NA,NA,NA,NA,NA,NA,NA,NA,NA,NA,NA,NA,NA,NA,NA,NA,NA,NA,NA,NA,NA,NA,NA,NA,NA,NA
"iNaturalist","image",345788436,"Oophaga pumilio","2016-09-05","07:43","Niff82",NA,"10.7241384,-85.0738445",10.7241384,-85.0738445,"https://inaturalist-open-data.s3.amazonaws.com/photos/630216053/original.jpg","jpeg","https://www.inaturalist.org/observations/345788436","op_image_ca_sample","(10.6,10.8]",NA,NA,NA,NA,NA,NA,NA,NA,NA,NA,NA,NA,NA,NA,NA,NA,NA,NA,NA,NA,NA,NA,NA,NA,NA,NA,NA,NA,NA,NA,NA,NA,NA,NA,NA,NA
"iNaturalist","image",344505651,"Oophaga pumilio","2016-05-04","20:31","Robin Ardito",NA,"11.1041082,-84.1012861",11.1041082,-84.1012861,"https://inaturalist-open-data.s3.amazonaws.com/photos/627712592/original.jpg","jpeg","https://www.inaturalist.org/observations/344505651","op_image_ca_sample","(11.1,11.2]",NA,NA,NA,NA,NA,NA,NA,NA,NA,NA,NA,NA,NA,NA,NA,NA,NA,NA,NA,NA,NA,NA,NA,NA,NA,NA,NA,NA,NA,NA,NA,NA,NA,NA,NA,NA
"iNaturalist","image",343866904,"Oophaga pumilio",NA,NA,"Dilson Hernández",NA,"14.0293506619,-84.2500063777",14.0293506619,-84.2500063777,"https://inaturalist-open-data.s3.amazonaws.com/photos/626466893/original.jpg","jpeg","https://www.inaturalist.org/observations/343866904","op_image_ca_sample","(14,14.2]",NA,NA,NA,NA,NA,NA,NA,NA,NA,NA,NA,NA,NA,NA,NA,NA,NA,NA,NA,NA,NA,NA,NA,NA,NA,NA,NA,NA,NA,NA,NA,NA,NA,NA,NA,NA
"iNaturalist","image",343866904,"Oophaga pumilio",NA,NA,"Dilson Hernández",NA,"14.0293506619,-84.2500063777",14.0293506619,-84.2500063777,"https://inaturalist-open-data.s3.amazonaws.com/photos/626466917/original.jpg","jpeg","https://www.inaturalist.org/observations/343866904","op_image_ca_sample","(14,14.2]",NA,NA,NA,NA,NA,NA,NA,NA,NA,NA,NA,NA,NA,NA,NA,NA,NA,NA,NA,NA,NA,NA,NA,NA,NA,NA,NA,NA,NA,NA,NA,NA,NA,NA,NA,NA
"iNaturalist","image",343866904,"Oophaga pumilio",NA,NA,"Dilson Hernández",NA,"14.0293506619,-84.2500063777",14.0293506619,-84.2500063777,"https://inaturalist-open-data.s3.amazonaws.com/photos/626466938/original.jpg","jpeg","https://www.inaturalist.org/observations/343866904","op_image_ca_sample","(14,14.2]",NA,NA,NA,NA,NA,NA,NA,NA,NA,NA,NA,NA,NA,NA,NA,NA,NA,NA,NA,NA,NA,NA,NA,NA,NA,NA,NA,NA,NA,NA,NA,NA,NA,NA,NA,NA
"iNaturalist","image",337842364,"Oophaga pumilio","2026-02-08","14:02","Shardintx",NA,"8.6143197062,-80.1120440684",8.6143197062,-80.1120440684,"https://inaturalist-open-data.s3.amazonaws.com/photos/614247834/original.jpg","jpeg","https://www.inaturalist.org/observations/337842364","op_image_ca_sample","(8.47,8.63]",NA,NA,NA,NA,NA,NA,NA,NA,NA,NA,NA,NA,NA,NA,NA,NA,NA,NA,NA,NA,NA,NA,NA,NA,NA,NA,NA,NA,NA,NA,NA,NA,NA,NA,NA,NA
"iNaturalist","image",336884962,"Oophaga pumilio","2003-04-13","16:56","Cenote",NA,"8.784118,-82.95988",8.784118,-82.95988,"https://static.inaturalist.org/photos/612281171/original.jpg","jpeg","https://www.inaturalist.org/observations/336884962","op_image_ca_sample","(8.63,8.8]",NA,NA,NA,NA,NA,NA,NA,NA,NA,NA,NA,NA,NA,NA,NA,NA,NA,NA,NA,NA,NA,NA,NA,NA,NA,NA,NA,NA,NA,NA,NA,NA,NA,NA,NA,NA
"iNaturalist","image",332742102,"Oophaga pumilio","2010-01-03","20:11","Matthias2t",NA,"11.018181,-84.376281",11.018181,-84.376281,"https://inaturalist-open-data.s3.amazonaws.com/photos/603927082/original.jpg","jpeg","https://www.inaturalist.org/observations/332742102","op_image_ca_sample","(10.9,11.1]",NA,NA,NA,NA,NA,NA,NA,NA,NA,NA,NA,NA,NA,NA,NA,NA,NA,NA,NA,NA,NA,NA,NA,NA,NA,NA,NA,NA,NA,NA,NA,NA,NA,NA,NA,NA
"iNaturalist","image",331762533,"Oophaga pumilio","2025-11-30","11:49","Matthew Hammond",NA,"12.2696749719,-85.0644950196",12.2696749719,-85.0644950196,"https://static.inaturalist.org/photos/601923221/original.jpg","jpeg","https://www.inaturalist.org/observations/331762533","op_image_ca_sample","(12.2,12.4]",NA,NA,NA,NA,NA,NA,NA,NA,NA,NA,NA,NA,NA,NA,NA,NA,NA,NA,NA,NA,NA,NA,NA,NA,NA,NA,NA,NA,NA,NA,NA,NA,NA,NA,NA,NA
"iNaturalist","image",330761718,"Oophaga pumilio","2025-10-05","10:18","Roger A. Morales-Flores",NA,"8.919763744,-82.0016677089",8.919763744,-82.0016677089,"https://inaturalist-open-data.s3.amazonaws.com/photos/599864271/original.jpg","jpeg","https://www.inaturalist.org/observations/330761718","op_image_ca_sample","(8.8,8.96]",NA,NA,NA,NA,NA,NA,NA,NA,NA,NA,NA,NA,NA,NA,NA,NA,NA,NA,NA,NA,NA,NA,NA,NA,NA,NA,NA,NA,NA,NA,NA,NA,NA,NA,NA,NA
"iNaturalist","image",328485660,"Oophaga pumilio","2025-11-23","12:00","Daitzel Romero",NA,"8.0908533512,-80.9885749966",8.0908533512,-80.9885749966,"https://inaturalist-open-data.s3.amazonaws.com/photos/595250065/original.jpg","jpeg","https://www.inaturalist.org/observations/328485660","op_image_ca_sample","(7.98,8.14]",NA,NA,NA,NA,NA,NA,NA,NA,NA,NA,NA,NA,NA,NA,NA,NA,NA,NA,NA,NA,NA,NA,NA,NA,NA,NA,NA,NA,NA,NA,NA,NA,NA,NA,NA,NA
"iNaturalist","image",326672578,"Oophaga pumilio","2025-11-15","12:09","Yelka Danelia Barrera Orozco",NA,"13.0264055952,-85.3414025903",13.0264055952,-85.3414025903,"https://inaturalist-open-data.s3.amazonaws.com/photos/591684799/original.jpg","jpeg","https://www.inaturalist.org/observations/326672578","op_image_ca_sample","(12.9,13]",NA,NA,NA,NA,NA,NA,NA,NA,NA,NA,NA,NA,NA,NA,NA,NA,NA,NA,NA,NA,NA,NA,NA,NA,NA,NA,NA,NA,NA,NA,NA,NA,NA,NA,NA,NA
"iNaturalist","image",326163721,"Oophaga pumilio","2025-11-11","10:11","Mason Flint",NA,"9.0192101432,-82.3798248118",9.0192101432,-82.3798248118,"https://static.inaturalist.org/photos/590675075/original.jpg","jpeg","https://www.inaturalist.org/observations/326163721","op_image_ca_sample","(8.96,9.12]",NA,NA,NA,NA,NA,NA,NA,NA,NA,NA,NA,NA,NA,NA,NA,NA,NA,NA,NA,NA,NA,NA,NA,NA,NA,NA,NA,NA,NA,NA,NA,NA,NA,NA,NA,NA
"iNaturalist","image",325939117,"Oophaga pumilio","2025-11-06","08:28","Ennier Cordero",NA,"13.2683131,-85.5333806997",13.2683131,-85.5333806997,"https://static.inaturalist.org/photos/590225021/original.jpg","jpeg","https://www.inaturalist.org/observations/325939117","op_image_ca_sample","(13.2,13.4]",NA,NA,NA,NA,NA,NA,NA,NA,NA,NA,NA,NA,NA,NA,NA,NA,NA,NA,NA,NA,NA,NA,NA,NA,NA,NA,NA,NA,NA,NA,NA,NA,NA,NA,NA,NA
"iNaturalist","image",325939117,"Oophaga pumilio","2025-11-06","08:28","Ennier Cordero",NA,"13.2683131,-85.5333806997",13.2683131,-85.5333806997,"https://static.inaturalist.org/photos/590225835/original.jpg","jpeg","https://www.inaturalist.org/observations/325939117","op_image_ca_sample","(13.2,13.4]",NA,NA,NA,NA,NA,NA,NA,NA,NA,NA,NA,NA,NA,NA,NA,NA,NA,NA,NA,NA,NA,NA,NA,NA,NA,NA,NA,NA,NA,NA,NA,NA,NA,NA,NA,NA
"iNaturalist","image",298055557,"Oophaga pumilio","2025-07-14","19:53","𝔻𝕒𝕟𝕚𝕖𝕝𝕒 𝕞𝕠𝕣𝕒𝕝𝕖𝕤",NA,"11.9369725335,-86.217954196",11.9369725335,-86.217954196,"https://inaturalist-open-data.s3.amazonaws.com/photos/536840927/original.jpg","jpeg","https://www.inaturalist.org/observations/298055557","op_image_ca_sample","(11.9,12.1]",NA,NA,NA,NA,NA,NA,NA,NA,NA,NA,NA,NA,NA,NA,NA,NA,NA,NA,NA,NA,NA,NA,NA,NA,NA,NA,NA,NA,NA,NA,NA,NA,NA,NA,NA,NA
"iNaturalist","image",271387098,"Oophaga pumilio","2025-04-13","06:51","Gabriel Arias",NA,"12.1980671581,-85.1854296977",12.1980671581,-85.1854296977,"https://static.inaturalist.org/photos/488165732/original.jpeg","jpeg","https://www.inaturalist.org/observations/271387098","op_image_ca_sample","(12.1,12.2]",NA,NA,NA,NA,NA,NA,NA,NA,NA,NA,NA,NA,NA,NA,NA,NA,NA,NA,NA,NA,NA,NA,NA,NA,NA,NA,NA,NA,NA,NA,NA,NA,NA,NA,NA,NA
"iNaturalist","image",148941855,"Oophaga pumilio","2021-12-15","10:38","Lester Fonseca",NA,"11.2716261266,-84.0325352177",11.2716261266,-84.0325352177,"https://inaturalist-open-data.s3.amazonaws.com/photos/256577482/original.jpeg","jpeg","https://www.inaturalist.org/observations/148941855","op_image_ca_sample","(11.2,11.4]",NA,NA,NA,NA,NA,NA,NA,NA,NA,NA,NA,NA,NA,NA,NA,NA,NA,NA,NA,NA,NA,NA,NA,NA,NA,NA,NA,NA,NA,NA,NA,NA,NA,NA,NA,NA
"iNaturalist","image",143673242,"Oophaga pumilio","2022-12-02","14:09","Eduin Molinares",NA,"12.8342587022,-85.4215493426",12.8342587022,-85.4215493426,"https://static.inaturalist.org/photos/246438811/original.jpeg","jpeg","https://www.inaturalist.org/observations/143673242","op_image_ca_sample","(12.7,12.9]",NA,NA,NA,NA,NA,NA,NA,NA,NA,NA,NA,NA,NA,NA,NA,NA,NA,NA,NA,NA,NA,NA,NA,NA,NA,NA,NA,NA,NA,NA,NA,NA,NA,NA,NA,NA
"iNaturalist","image",143673242,"Oophaga pumilio","2022-12-02","14:09","Eduin Molinares",NA,"12.8342587022,-85.4215493426",12.8342587022,-85.4215493426,"https://static.inaturalist.org/photos/246438830/original.jpeg","jpeg","https://www.inaturalist.org/observations/143673242","op_image_ca_sample","(12.7,12.9]",NA,NA,NA,NA,NA,NA,NA,NA,NA,NA,NA,NA,NA,NA,NA,NA,NA,NA,NA,NA,NA,NA,NA,NA,NA,NA,NA,NA,NA,NA,NA,NA,NA,NA,NA,NA
"iNaturalist","image",143188739,"Oophaga pumilio","2022-11-27","14:00","Genesislopezm",NA,"8.3950955897,-82.4406540372",8.3950955897,-82.4406540372,"https://inaturalist-open-data.s3.amazonaws.com/photos/245545296/original.jpeg","jpeg","https://www.inaturalist.org/observations/143188739","op_image_ca_sample","(8.31,8.47]",NA,NA,NA,NA,NA,NA,NA,NA,NA,NA,NA,NA,NA,NA,NA,NA,NA,NA,NA,NA,NA,NA,NA,NA,NA,NA,NA,NA,NA,NA,NA,NA,NA,NA,NA,NA
"iNaturalist","image",138449084,"Oophaga pumilio","2022-09-16","12:15","Carlos Martínez",NA,"13.4049615833,-85.4225616389",13.4049615833,-85.4225616389,"https://inaturalist-open-data.s3.amazonaws.com/photos/236639167/original.jpeg","jpeg","https://www.inaturalist.org/observations/138449084","op_image_ca_sample","(13.4,13.5]",NA,NA,NA,NA,NA,NA,NA,NA,NA,NA,NA,NA,NA,NA,NA,NA,NA,NA,NA,NA,NA,NA,NA,NA,NA,NA,NA,NA,NA,NA,NA,NA,NA,NA,NA,NA
"iNaturalist","image",32267958,"Oophaga pumilio","2007-12-20","07:41","Eric Van Den Berghe",NA,"11.7920811418,-85.1810293991",11.7920811418,-85.1810293991,"https://inaturalist-open-data.s3.amazonaws.com/photos/50592111/original.jpeg","jpeg","https://www.inaturalist.org/observations/32267958","op_image_ca_sample","(11.7,11.9]",NA,NA,NA,NA,NA,NA,NA,NA,NA,NA,NA,NA,NA,NA,NA,NA,NA,NA,NA,NA,NA,NA,NA,NA,NA,NA,NA,NA,NA,NA,NA,NA,NA,NA,NA,NA
"iNaturalist","image",32267958,"Oophaga pumilio","2007-12-20","07:41","Eric Van Den Berghe",NA,"11.7920811418,-85.1810293991",11.7920811418,-85.1810293991,"https://inaturalist-open-data.s3.amazonaws.com/photos/50592100/original.jpeg","jpeg","https://www.inaturalist.org/observations/32267958","op_image_ca_sample","(11.7,11.9]",NA,NA,NA,NA,NA,NA,NA,NA,NA,NA,NA,NA,NA,NA,NA,NA,NA,NA,NA,NA,NA,NA,NA,NA,NA,NA,NA,NA,NA,NA,NA,NA,NA,NA,NA,NA
"iNaturalist","image",32267957,"Oophaga pumilio","2010-11-06","10:05","Eric Van Den Berghe",NA,"11.5484110036,-83.9798572447",11.5484110036,-83.9798572447,"https://inaturalist-open-data.s3.amazonaws.com/photos/50592084/original.jpeg","jpeg","https://www.inaturalist.org/observations/32267957","op_image_ca_sample","(11.4,11.6]",NA,NA,NA,NA,NA,NA,NA,NA,NA,NA,NA,NA,NA,NA,NA,NA,NA,NA,NA,NA,NA,NA,NA,NA,NA,NA,NA,NA,NA,NA,NA,NA,NA,NA,NA,NA
"iNaturalist","image",8389036,"Oophaga pumilio","2010-05-31","17:10","Milton Úbeda",NA,"13.5772278915,-85.7054615021",13.5772278915,-85.7054615021,"https://inaturalist-open-data.s3.amazonaws.com/photos/11158257/original.jpg","jpeg","https://www.inaturalist.org/observations/8389036","op_image_ca_sample","(13.5,13.7]",NA,NA,NA,NA,NA,NA,NA,NA,NA,NA,NA,NA,NA,NA,NA,NA,NA,NA,NA,NA,NA,NA,NA,NA,NA,NA,NA,NA,NA,NA,NA,NA,NA,NA,NA,NA
"Macaulay Library","video",614064517,"Ceratopipra mentalis","2023-12-21","07:36","Jeff Hapeman","Costa Rica","Laguna Lagarto Lodge",10.68515,-84.18112,"https://cdn.download.ams.birds.cornell.edu/api/v1/asset/614064517/","mp4","https://macaulaylibrary.org/asset/614064517","cm_video_display",NA,"Red-capped Manakin",NA,NA,2023,12,21,"CR-A","Alajuela",NA,"Adult Male – 1","Courtship, Display, or Copulation; Mechanical Sound","Unspecified",NA,NA,NA,"","Sony ILCE-1","","Sony 600mm f/4 GM",NA,"S156803644",NA,NA,NA,"","","Ceratopipra mentalis","recman1","Species",15836,NA,5,21,"Habitat",NA,NA
"Macaulay Library","video",217793841,"Ceratopipra mentalis","2020-03-08","09:57","John Doty","Belize","Black Rock Lodge",17.04705,-89.06098,"https://cdn.download.ams.birds.cornell.edu/api/v1/asset/217793841/","mp4","https://macaulaylibrary.org/asset/217793841","cm_video_display",NA,"Red-capped Manakin",NA,NA,2020,3,8,"BZ-CY","Cayo",NA,"Adult Male – 2","Courtship, Display, or Copulation","Unspecified",NA,NA,NA,"","","","",NA,"S65574141",NA,NA,NA,"","","Ceratopipra mentalis","recman1","Species",15836,NA,3,1,"",NA,NA
"Macaulay Library","video",201578041,"Ceratopipra mentalis","2014-03-03",NA,"William Adsett","Panama","El Chorogo",8.306377,-83.009863,"https://cdn.download.ams.birds.cornell.edu/api/v1/asset/201578041/","mp4","https://macaulaylibrary.org/asset/201578041","cm_video_display",NA,"Red-capped Manakin",NA,NA,2014,3,3,"PA-4","Chiriquí",NA,"","Courtship, Display, or Copulation","Unspecified",NA,NA,NA,"IBC1223444","","","",NA,"S65096192",NA,NA,NA,"Male displaying at lek. Female appears briefly. Elevation: 574 m. Date added to IBC: June 23, 2016.","IBC scientific name: Ceratopipra mentalis mentalis.","Ceratopipra mentalis","recman1","Species",15836,NA,4,4,"",NA,NA
"Macaulay Library","video",201205581,"Ceratopipra mentalis","2007-03-24",NA,"Richard Garrigues","Costa Rica","Estación Biológica La Selva-OTS",10.4311659,-84.0035355,"https://cdn.download.ams.birds.cornell.edu/api/v1/asset/201205581/","mp4","https://macaulaylibrary.org/asset/201205581","cm_video_display",NA,"Red-capped Manakin",NA,NA,2007,3,24,"CR-H","Heredia",NA,"","Courtship, Display, or Copulation; Flying","Unspecified",NA,NA,NA,"IBC1154072","","","",NA,"S65085834",NA,NA,NA,"A male making snapping and buzzing sounds, then flying to a perch and performing the courtship display. Elevation: 43 m. Date added to IBC: June 22, 2016.","IBC scientific name: Ceratopipra mentalis mentalis.","Ceratopipra mentalis","recman1","Species",15836,NA,3,4,"",NA,NA
"Macaulay Library","video",201115121,"Ceratopipra mentalis","2013-03-29",NA,"Wayne Hall","Belize","Hidden Valley Inn",17.0463,-88.9281,"https://cdn.download.ams.birds.cornell.edu/api/v1/asset/201115121/","mp4","https://macaulaylibrary.org/asset/201115121","cm_video_display",NA,"Red-capped Manakin",NA,NA,2013,3,29,"BZ-CY","Cayo",NA,"","Courtship, Display, or Copulation","Unspecified",NA,NA,NA,"IBC1216053","","","",NA,"S65082268",NA,NA,NA,"Male displaying at lek. Female seen briefly at extreme right of frame. Brown Jays vocalizing in background. A brief vocalization from another Red-Capped Manakin male. Elevation: 526 m. Date added to IBC: June 23, 2016.","IBC scientific name: Ceratopipra mentalis mentalis.","Ceratopipra mentalis","recman1","Species",15836,NA,4.75,20,"",NA,NA
"Macaulay Library","video",457989,"Ceratopipra mentalis","2009-12-21",NA,"Tim Laman","Panama","Gamboa, Soberania National Park",9.1563333,-79.7426667,"https://cdn.download.ams.birds.cornell.edu/api/v1/asset/457989/","mp4","https://macaulaylibrary.org/asset/457989","cm_video_display",NA,"Red-capped Manakin",NA,NA,2009,12,21,"PA","",NA,"Adult Female – 1; Adult Male – 1","Courtship, Display, or Copulation","Unspecified",NA,NA,NA,"","Canon EOS 5D Mark II","Sennheiser MKE 44-P","Sound Devices Mix-Pre",NA,"",NA,NA,NA,"Other Behaviors: Perform Courtship Display, Perch. Equipment Notes: Magic Lantern firmware with Anlg Gain = 10,  AGC disabled.","","Ceratopipra mentalis","recman1","Species",15836,NA,4,4,"",NA,NA
"Macaulay Library","video",457987,"Ceratopipra mentalis","2009-12-21",NA,"Tim Laman","Panama","Gamboa, Soberania National Park",9.1563333,-79.7426667,"https://cdn.download.ams.birds.cornell.edu/api/v1/asset/457987/","mp4","https://macaulaylibrary.org/asset/457987","cm_video_display",NA,"Red-capped Manakin",NA,NA,2009,12,21,"PA","",NA,"Adult Female – 1; Adult Male – 1","Courtship, Display, or Copulation","Unspecified",NA,NA,NA,"","Canon EOS 5D Mark II","Sennheiser MKE 44-P","Sound Devices Mix-Pre",NA,"",NA,NA,NA,"Other Behaviors: Perform Courtship Display. Equipment Notes: Magic Lantern firmware with Anlg Gain = 10,  AGC disabled.","","Ceratopipra mentalis","recman1","Species",15836,NA,4.29,7,"",NA,NA
"Macaulay Library","video",457986,"Ceratopipra mentalis","2009-12-21",NA,"Tim Laman","Panama","Gamboa, Soberania National Park",9.1563333,-79.7426667,"https://cdn.download.ams.birds.cornell.edu/api/v1/asset/457986/","mp4","https://macaulaylibrary.org/asset/457986","cm_video_display",NA,"Red-capped Manakin",NA,NA,2009,12,21,"PA","",NA,"Adult Female – 1; Adult Male – 1","Courtship, Display, or Copulation","Unspecified",NA,NA,NA,"","Canon EOS 5D Mark II","Sennheiser MKE 44-P","Sound Devices Mix-Pre",NA,"",NA,NA,NA,"Other Behaviors: Perform Courtship Display. Equipment Notes: Magic Lantern firmware with Anlg Gain = 10,  AGC disabled.","","Ceratopipra mentalis","recman1","Species",15836,NA,4,4,"",NA,NA
"Macaulay Library","video",457985,"Ceratopipra mentalis","2009-12-21",NA,"Tim Laman","Panama","Gamboa, Soberania National Park",9.1563333,-79.7426667,"https://cdn.download.ams.birds.cornell.edu/api/v1/asset/457985/","mp4","https://macaulaylibrary.org/asset/457985","cm_video_display",NA,"Red-capped Manakin",NA,NA,2009,12,21,"PA","",NA,"Adult Female – 1; Adult Male – 1","Courtship, Display, or Copulation; Mechanical Sound","Unspecified",NA,NA,NA,"","Canon EOS 5D Mark II","Sennheiser MKE 44-P","Sound Devices Mix-Pre",NA,"",NA,NA,NA,"Other Behaviors: Perform Courtship Display. Equipment Notes: Magic Lantern firmware with Anlg Gain = 10,  AGC disabled.","","Ceratopipra mentalis","recman1","Species",15836,NA,4.57,14,"",NA,NA
"Macaulay Library","video",457980,"Ceratopipra mentalis","2009-12-21",NA,"Tim Laman","Panama","Gamboa, Soberania National Park",9.1563333,-79.7426667,"https://cdn.download.ams.birds.cornell.edu/api/v1/asset/457980/","mp4","https://macaulaylibrary.org/asset/457980","cm_video_display",NA,"Red-capped Manakin",NA,NA,2009,12,21,"PA","",NA,"Adult Female – 1; Adult Male – 1","Courtship, Display, or Copulation; Mechanical Sound","Unspecified",NA,NA,NA,"","Canon EOS 5D Mark II","Sennheiser MKE 44-P","Sound Devices Mix-Pre",NA,"",NA,NA,NA,"Other Behaviors: Perform Courtship Display. Equipment Notes: Magic Lantern firmware with Anlg Gain = 10,  AGC disabled.","","Ceratopipra mentalis","recman1","Species",15836,NA,4,4,"",NA,NA
"Macaulay Library","video",457947,"Ceratopipra mentalis","2009-12-20",NA,"Tim Laman","Panama","Gamboa, Soberania National Park",9.1563333,-79.7426667,"https://cdn.download.ams.birds.cornell.edu/api/v1/asset/457947/","mp4","https://macaulaylibrary.org/asset/457947","cm_video_display",NA,"Red-capped Manakin",NA,NA,2009,12,20,"PA","",NA,"Adult Female – 1; Adult Male – 1","Courtship, Display, or Copulation","Unspecified",NA,NA,NA,"","Canon EOS 5D Mark II","Sennheiser MKE 44-P","Sound Devices Mix-Pre",NA,"",NA,NA,NA,"Other Behaviors: Perform Courtship Display. Equipment Notes: Magic Lantern firmware with Anlg Gain = 10,  AGC disabled.","","Ceratopipra mentalis","recman1","Species",15836,NA,4,4,"",NA,NA
"Macaulay Library","video",457946,"Ceratopipra mentalis","2009-12-20",NA,"Tim Laman","Panama","Gamboa, Soberania National Park",9.1563333,-79.7426667,"https://cdn.download.ams.birds.cornell.edu/api/v1/asset/457946/","mp4","https://macaulaylibrary.org/asset/457946","cm_video_display",NA,"Red-capped Manakin",NA,NA,2009,12,20,"PA","",NA,"Adult Female – 1; Adult Male – 1","Courtship, Display, or Copulation","Unspecified",NA,NA,NA,"","Canon EOS 5D Mark II","Sennheiser MKE 44-P","Sound Devices Mix-Pre",NA,"",NA,NA,NA,"Other Behaviors: Perform Courtship Display. Equipment Notes: Magic Lantern firmware with Anlg Gain = 10,  AGC disabled.","","Ceratopipra mentalis","recman1","Species",15836,NA,4,4,"",NA,NA
"Macaulay Library","video",457945,"Ceratopipra mentalis","2009-12-20",NA,"Tim Laman","Panama","Gamboa, Soberania National Park",9.1563333,-79.7426667,"https://cdn.download.ams.birds.cornell.edu/api/v1/asset/457945/","mp4","https://macaulaylibrary.org/asset/457945","cm_video_display",NA,"Red-capped Manakin",NA,NA,2009,12,20,"PA","",NA,"Adult Female – 2; Adult Male – 1","Courtship, Display, or Copulation","Unspecified",NA,NA,NA,"","Canon EOS 5D Mark II","Sennheiser MKE 44-P","Sound Devices Mix-Pre",NA,"",NA,NA,NA,"Other Behaviors: Perform Courtship Display. Equipment Notes: Magic Lantern firmware with Anlg Gain = 10,  AGC disabled.","","Ceratopipra mentalis","recman1","Species",15836,NA,3,4,"",NA,NA
"Macaulay Library","video",457944,"Ceratopipra mentalis","2009-12-20",NA,"Tim Laman","Panama","Gamboa, Soberania National Park",9.1563333,-79.7426667,"https://cdn.download.ams.birds.cornell.edu/api/v1/asset/457944/","mp4","https://macaulaylibrary.org/asset/457944","cm_video_display",NA,"Red-capped Manakin",NA,NA,2009,12,20,"PA","",NA,"Adult Male – 1","Courtship, Display, or Copulation","Unspecified",NA,NA,NA,"","Canon EOS 5D Mark II","Sennheiser MKE 44-P","Sound Devices Mix-Pre",NA,"",NA,NA,NA,"Other Behaviors: Perform Courtship Display. Equipment Notes: Magic Lantern firmware with Anlg Gain = 10,  AGC disabled.","","Ceratopipra mentalis","recman1","Species",15836,NA,3,4,"",NA,NA
"Macaulay Library","video",457943,"Ceratopipra mentalis","2009-12-20",NA,"Tim Laman","Panama","Gamboa, Soberania National Park",9.1563333,-79.7426667,"https://cdn.download.ams.birds.cornell.edu/api/v1/asset/457943/","mp4","https://macaulaylibrary.org/asset/457943","cm_video_display",NA,"Red-capped Manakin",NA,NA,2009,12,20,"PA","",NA,"Adult Male – 1","Courtship, Display, or Copulation","Unspecified",NA,NA,NA,"","Canon EOS 5D Mark II","Sennheiser MKE 44-P","Sound Devices Mix-Pre",NA,"",NA,NA,NA,"Other Behaviors: Perform Courtship Display. Equipment Notes: Magic Lantern firmware with Anlg Gain = 10,  AGC disabled.","","Ceratopipra mentalis","recman1","Species",15836,NA,3,4,"",NA,NA
"Macaulay Library","video",457937,"Ceratopipra mentalis","2009-12-20",NA,"Tim Laman","Panama","Gamboa, Soberania National Park",9.1563333,-79.7426667,"https://cdn.download.ams.birds.cornell.edu/api/v1/asset/457937/","mp4","https://macaulaylibrary.org/asset/457937","cm_video_display",NA,"Red-capped Manakin",NA,NA,2009,12,20,"PA","",NA,"Adult Male – 1","Courtship, Display, or Copulation","Unspecified",NA,NA,NA,"","Canon EOS 5D Mark II","Sennheiser MKE 44-P","Sound Devices Mix-Pre",NA,"",NA,NA,NA,"Other Behaviors: Perform Courtship Display. Equipment Notes: Magic Lantern firmware with Anlg Gain = 10,  AGC disabled.","","Ceratopipra mentalis","recman1","Species",15836,NA,3,4,"",NA,NA
"Macaulay Library","video",457934,"Ceratopipra mentalis","2009-12-20",NA,"Tim Laman","Panama","Gamboa, Soberania National Park",9.1563333,-79.7426667,"https://cdn.download.ams.birds.cornell.edu/api/v1/asset/457934/","mp4","https://macaulaylibrary.org/asset/457934","cm_video_display",NA,"Red-capped Manakin",NA,NA,2009,12,20,"PA","",NA,"Adult Female – 1; Adult Male – 1","Courtship, Display, or Copulation; Mechanical Sound","Unspecified",NA,NA,NA,"","Canon EOS 5D Mark II","Sennheiser MKE 44-P","Sound Devices Mix-Pre",NA,"",NA,NA,NA,"Other Behaviors: Perform Courtship Display. Equipment Notes: Magic Lantern firmware with Anlg Gain = 10,  AGC disabled.","","Ceratopipra mentalis","recman1","Species",15836,NA,4,4,"",NA,NA
"Macaulay Library","video",457933,"Ceratopipra mentalis","2009-12-20",NA,"Tim Laman","Panama","Gamboa, Soberania National Park",9.1563333,-79.7426667,"https://cdn.download.ams.birds.cornell.edu/api/v1/asset/457933/","mp4","https://macaulaylibrary.org/asset/457933","cm_video_display",NA,"Red-capped Manakin",NA,NA,2009,12,20,"PA","",NA,"Adult Female – 2; Adult Male – 1","Courtship, Display, or Copulation; Mechanical Sound","Unspecified",NA,NA,NA,"","Canon EOS 5D Mark II","Sennheiser MKE 44-P","Sound Devices Mix-Pre",NA,"",NA,NA,NA,"Other Behaviors: Perform Courtship Display. Equipment Notes: Magic Lantern firmware with Anlg Gain = 10,  AGC disabled.","","Ceratopipra mentalis","recman1","Species",15836,NA,4,4,"",NA,NA
"Macaulay Library","video",457932,"Ceratopipra mentalis","2009-12-20",NA,"Tim Laman","Panama","Gamboa, Soberania National Park",9.1563333,-79.7426667,"https://cdn.download.ams.birds.cornell.edu/api/v1/asset/457932/","mp4","https://macaulaylibrary.org/asset/457932","cm_video_display",NA,"Red-capped Manakin",NA,NA,2009,12,20,"PA","",NA,"Adult Female – 1; Adult Male – 1","Courtship, Display, or Copulation; Flying; Mechanical Sound","Unspecified",NA,NA,NA,"","Canon EOS 5D Mark II","Sennheiser MKE 44-P","Sound Devices Mix-Pre",NA,"",NA,NA,NA,"Other Behaviors: Perform Courtship Display, Flight Sound. Equipment Notes: Magic Lantern firmware with Anlg Gain = 10,  AGC disabled.","","Ceratopipra mentalis","recman1","Species",15836,NA,4,4,"",NA,NA
"Xeno-Canto","sound",1094757,"Alouatta seniculus","2025-01-30","09:00","Marc Anderson","Ecuador","Cuyabeno River, Sucumbíos",-0.0959,-76.0398,"https://xeno-canto.org/1094757/download","mp3","https://xeno-canto.org/1094757","alouatta_sound",NA,NA,NA,NA,NA,NA,NA,NA,NA,NA,NA,NA,NA,NA,NA,NA,NA,NA,NA,NA,NA,NA,NA,NA,NA,NA,NA,NA,NA,NA,NA,NA,NA,NA,NA,NA,NA
"Xeno-Canto","sound",1093048,"Alouatta palliata","2026-02-26","11:49","Paul Driver","Costa Rica","Bosque de Paz Lodge, Bajos del Toro, Zarcero, Provincia de Alajuela",10.204,-84.3172,"https://xeno-canto.org/1093048/download","mp3","https://xeno-canto.org/1093048","alouatta_sound",NA,NA,NA,NA,NA,NA,NA,NA,NA,NA,NA,NA,NA,NA,NA,NA,NA,NA,NA,NA,NA,NA,NA,NA,NA,NA,NA,NA,NA,NA,NA,NA,NA,NA,NA,NA,NA
"Xeno-Canto","sound",1093047,"Alouatta palliata","2026-02-26","11:51","Paul Driver","Costa Rica","Bosque de Paz Lodge, Bajos del Toro, Zarcero, Provincia de Alajuela",10.204,-84.3172,"https://xeno-canto.org/1093047/download","mp3","https://xeno-canto.org/1093047","alouatta_sound",NA,NA,NA,NA,NA,NA,NA,NA,NA,NA,NA,NA,NA,NA,NA,NA,NA,NA,NA,NA,NA,NA,NA,NA,NA,NA,NA,NA,NA,NA,NA,NA,NA,NA,NA,NA,NA
"Xeno-Canto","sound",1091795,"Alouatta macconnelli","2026-02-21","05:30","Jelle Scharringa","Suriname","Wittikamba, Boven-Suriname, Sipaliwini District",4.6362,-55.4196,"https://xeno-canto.org/1091795/download","mp3","https://xeno-canto.org/1091795","alouatta_sound",NA,NA,NA,NA,NA,NA,NA,NA,NA,NA,NA,NA,NA,NA,NA,NA,NA,NA,NA,NA,NA,NA,NA,NA,NA,NA,NA,NA,NA,NA,NA,NA,NA,NA,NA,NA,NA
"Xeno-Canto","sound",1091789,"Alouatta macconnelli","2026-02-12","06:00","Jelle Scharringa","Suriname","Cupido, Wageningen, Nickerie District",5.6612,-56.6796,"https://xeno-canto.org/1091789/download","mp3","https://xeno-canto.org/1091789","alouatta_sound",NA,NA,NA,NA,NA,NA,NA,NA,NA,NA,NA,NA,NA,NA,NA,NA,NA,NA,NA,NA,NA,NA,NA,NA,NA,NA,NA,NA,NA,NA,NA,NA,NA,NA,NA,NA,NA
"Xeno-Canto","sound",1091626,"Alouatta palliata","2013-02-04","05:00","Jelle Scharringa","Costa Rica","Chomes (near  Manzanillo), Puntarenas, Provincia de Puntarenas",10.1564,-84.9239,"https://xeno-canto.org/1091626/download","mp3","https://xeno-canto.org/1091626","alouatta_sound",NA,NA,NA,NA,NA,NA,NA,NA,NA,NA,NA,NA,NA,NA,NA,NA,NA,NA,NA,NA,NA,NA,NA,NA,NA,NA,NA,NA,NA,NA,NA,NA,NA,NA,NA,NA,NA
"Xeno-Canto","sound",1091625,"Alouatta palliata","2013-02-04","05:00","Jelle Scharringa","Costa Rica","Chomes (near  Manzanillo), Puntarenas, Provincia de Puntarenas",10.1564,-84.9239,"https://xeno-canto.org/1091625/download","mp3","https://xeno-canto.org/1091625","alouatta_sound",NA,NA,NA,NA,NA,NA,NA,NA,NA,NA,NA,NA,NA,NA,NA,NA,NA,NA,NA,NA,NA,NA,NA,NA,NA,NA,NA,NA,NA,NA,NA,NA,NA,NA,NA,NA,NA
"Xeno-Canto","sound",1091624,"Alouatta palliata","2013-02-04","05:00","Jelle Scharringa","Costa Rica","Chomes (near  Manzanillo), Puntarenas, Provincia de Puntarenas",10.1564,-84.9239,"https://xeno-canto.org/1091624/download","mp3","https://xeno-canto.org/1091624","alouatta_sound",NA,NA,NA,NA,NA,NA,NA,NA,NA,NA,NA,NA,NA,NA,NA,NA,NA,NA,NA,NA,NA,NA,NA,NA,NA,NA,NA,NA,NA,NA,NA,NA,NA,NA,NA,NA,NA
"Xeno-Canto","sound",1091622,"Alouatta palliata","2013-02-04","05:00","Jelle Scharringa","Costa Rica","Chomes (near  Manzanillo), Puntarenas, Provincia de Puntarenas",10.1564,-84.9239,"https://xeno-canto.org/1091622/download","mp3","https://xeno-canto.org/1091622","alouatta_sound",NA,NA,NA,NA,NA,NA,NA,NA,NA,NA,NA,NA,NA,NA,NA,NA,NA,NA,NA,NA,NA,NA,NA,NA,NA,NA,NA,NA,NA,NA,NA,NA,NA,NA,NA,NA,NA
"Xeno-Canto","sound",1091621,"Alouatta palliata","2013-02-04","05:00","Jelle Scharringa","Costa Rica","Chomes (near  Manzanillo), Puntarenas, Provincia de Puntarenas",10.1564,-84.9239,"https://xeno-canto.org/1091621/download","mp3","https://xeno-canto.org/1091621","alouatta_sound",NA,NA,NA,NA,NA,NA,NA,NA,NA,NA,NA,NA,NA,NA,NA,NA,NA,NA,NA,NA,NA,NA,NA,NA,NA,NA,NA,NA,NA,NA,NA,NA,NA,NA,NA,NA,NA
"Xeno-Canto","sound",1091617,"Alouatta palliata","2013-02-04","05:00","Jelle Scharringa","Costa Rica","Chomes (near  Manzanillo), Puntarenas, Provincia de Puntarenas",10.1564,-84.9239,"https://xeno-canto.org/1091617/download","mp3","https://xeno-canto.org/1091617","alouatta_sound",NA,NA,NA,NA,NA,NA,NA,NA,NA,NA,NA,NA,NA,NA,NA,NA,NA,NA,NA,NA,NA,NA,NA,NA,NA,NA,NA,NA,NA,NA,NA,NA,NA,NA,NA,NA,NA
"Xeno-Canto","sound",1091615,"Alouatta palliata","2013-02-04","05:00","Jelle Scharringa","Costa Rica","Chomes (near  Manzanillo), Puntarenas, Provincia de Puntarenas",10.1564,-84.9239,"https://xeno-canto.org/1091615/download","mp3","https://xeno-canto.org/1091615","alouatta_sound",NA,NA,NA,NA,NA,NA,NA,NA,NA,NA,NA,NA,NA,NA,NA,NA,NA,NA,NA,NA,NA,NA,NA,NA,NA,NA,NA,NA,NA,NA,NA,NA,NA,NA,NA,NA,NA
"Xeno-Canto","sound",1091612,"Alouatta palliata","2013-02-04","05:00","Jelle Scharringa","Costa Rica","Chomes (near  Manzanillo), Puntarenas, Provincia de Puntarenas",10.1564,-84.9239,"https://xeno-canto.org/1091612/download","mp3","https://xeno-canto.org/1091612","alouatta_sound",NA,NA,NA,NA,NA,NA,NA,NA,NA,NA,NA,NA,NA,NA,NA,NA,NA,NA,NA,NA,NA,NA,NA,NA,NA,NA,NA,NA,NA,NA,NA,NA,NA,NA,NA,NA,NA
"Xeno-Canto","sound",1091611,"Alouatta palliata","2013-02-04","05:00","Jelle Scharringa","Costa Rica","Chomes (near  Manzanillo), Puntarenas, Provincia de Puntarenas",10.1564,-84.9239,"https://xeno-canto.org/1091611/download","mp3","https://xeno-canto.org/1091611","alouatta_sound",NA,NA,NA,NA,NA,NA,NA,NA,NA,NA,NA,NA,NA,NA,NA,NA,NA,NA,NA,NA,NA,NA,NA,NA,NA,NA,NA,NA,NA,NA,NA,NA,NA,NA,NA,NA,NA
"Xeno-Canto","sound",1091607,"Alouatta palliata","2019-03-15","16:00","Jelle Scharringa","Costa Rica","Puerto Viejo (near  Puerto Viejo de Sarapiqui), Sarapiquí, Heredia Province",10.4557,-84.0014,"https://xeno-canto.org/1091607/download","mp3","https://xeno-canto.org/1091607","alouatta_sound",NA,NA,NA,NA,NA,NA,NA,NA,NA,NA,NA,NA,NA,NA,NA,NA,NA,NA,NA,NA,NA,NA,NA,NA,NA,NA,NA,NA,NA,NA,NA,NA,NA,NA,NA,NA,NA
"Xeno-Canto","sound",1091605,"Alouatta palliata","2019-03-15","16:00","Jelle Scharringa","Costa Rica","Puerto Viejo (near  Puerto Viejo de Sarapiqui), Sarapiquí, Heredia Province",10.4557,-84.0014,"https://xeno-canto.org/1091605/download","mp3","https://xeno-canto.org/1091605","alouatta_sound",NA,NA,NA,NA,NA,NA,NA,NA,NA,NA,NA,NA,NA,NA,NA,NA,NA,NA,NA,NA,NA,NA,NA,NA,NA,NA,NA,NA,NA,NA,NA,NA,NA,NA,NA,NA,NA
"Xeno-Canto","sound",1091594,"Alouatta palliata","2019-03-09","08:00","Jelle Scharringa","Costa Rica","Chomes (near  Manzanillo), Puntarenas, Provincia de Puntarenas",10.1564,-84.9239,"https://xeno-canto.org/1091594/download","mp3","https://xeno-canto.org/1091594","alouatta_sound",NA,NA,NA,NA,NA,NA,NA,NA,NA,NA,NA,NA,NA,NA,NA,NA,NA,NA,NA,NA,NA,NA,NA,NA,NA,NA,NA,NA,NA,NA,NA,NA,NA,NA,NA,NA,NA
"Xeno-Canto","sound",1091592,"Alouatta palliata","2019-03-09","08:00","Jelle Scharringa","Costa Rica","Chomes (near  Manzanillo), Puntarenas, Provincia de Puntarenas",10.1564,-84.9239,"https://xeno-canto.org/1091592/download","mp3","https://xeno-canto.org/1091592","alouatta_sound",NA,NA,NA,NA,NA,NA,NA,NA,NA,NA,NA,NA,NA,NA,NA,NA,NA,NA,NA,NA,NA,NA,NA,NA,NA,NA,NA,NA,NA,NA,NA,NA,NA,NA,NA,NA,NA
"Xeno-Canto","sound",1091591,"Alouatta palliata","2016-01-07","06:30","Jelle Scharringa","Costa Rica","Puerto Jiménez, Puerto Jiménez, Provincia de Puntarenas",8.6194,-83.4759,"https://xeno-canto.org/1091591/download","mp3","https://xeno-canto.org/1091591","alouatta_sound",NA,NA,NA,NA,NA,NA,NA,NA,NA,NA,NA,NA,NA,NA,NA,NA,NA,NA,NA,NA,NA,NA,NA,NA,NA,NA,NA,NA,NA,NA,NA,NA,NA,NA,NA,NA,NA
"Xeno-Canto","sound",1091589,"Alouatta palliata","2016-01-07","06:30","Jelle Scharringa","Costa Rica","Puerto Jiménez, Puerto Jiménez, Provincia de Puntarenas",8.6194,-83.4759,"https://xeno-canto.org/1091589/download","mp3","https://xeno-canto.org/1091589","alouatta_sound",NA,NA,NA,NA,NA,NA,NA,NA,NA,NA,NA,NA,NA,NA,NA,NA,NA,NA,NA,NA,NA,NA,NA,NA,NA,NA,NA,NA,NA,NA,NA,NA,NA,NA,NA,NA,NA
"Xeno-Canto","sound",1091588,"Alouatta palliata","2016-01-07","06:30","Jelle Scharringa","Costa Rica","Puerto Jiménez, Puerto Jiménez, Provincia de Puntarenas",8.6194,-83.4759,"https://xeno-canto.org/1091588/download","mp3","https://xeno-canto.org/1091588","alouatta_sound",NA,NA,NA,NA,NA,NA,NA,NA,NA,NA,NA,NA,NA,NA,NA,NA,NA,NA,NA,NA,NA,NA,NA,NA,NA,NA,NA,NA,NA,NA,NA,NA,NA,NA,NA,NA,NA
"Xeno-Canto","sound",1091585,"Alouatta palliata","2010-11-09","18:00","Jelle Scharringa","Costa Rica","Chomes (near  Manzanillo), Puntarenas, Provincia de Puntarenas",10.1564,-84.9239,"https://xeno-canto.org/1091585/download","mp3","https://xeno-canto.org/1091585","alouatta_sound",NA,NA,NA,NA,NA,NA,NA,NA,NA,NA,NA,NA,NA,NA,NA,NA,NA,NA,NA,NA,NA,NA,NA,NA,NA,NA,NA,NA,NA,NA,NA,NA,NA,NA,NA,NA,NA
"Xeno-Canto","sound",1091584,"Alouatta palliata","2010-11-09","18:00","Jelle Scharringa","Costa Rica","Chomes (near  Manzanillo), Puntarenas, Provincia de Puntarenas",10.1564,-84.9239,"https://xeno-canto.org/1091584/download","mp3","https://xeno-canto.org/1091584","alouatta_sound",NA,NA,NA,NA,NA,NA,NA,NA,NA,NA,NA,NA,NA,NA,NA,NA,NA,NA,NA,NA,NA,NA,NA,NA,NA,NA,NA,NA,NA,NA,NA,NA,NA,NA,NA,NA,NA
"Xeno-Canto","sound",1090240,"Alouatta pigra","2026-03-12","07:30","Gabriel Leite","Guatemala","Flores, Flores, Petén Department",16.9426,-89.8777,"https://xeno-canto.org/1090240/download","wav","https://xeno-canto.org/1090240","alouatta_sound",NA,NA,NA,NA,NA,NA,NA,NA,NA,NA,NA,NA,NA,NA,NA,NA,NA,NA,NA,NA,NA,NA,NA,NA,NA,NA,NA,NA,NA,NA,NA,NA,NA,NA,NA,NA,NA
"Xeno-Canto","sound",1090239,"Alouatta pigra","2026-03-12","07:30","Gabriel Leite","Guatemala","Flores, Flores, Petén Department",16.9426,-89.8777,"https://xeno-canto.org/1090239/download","wav","https://xeno-canto.org/1090239","alouatta_sound",NA,NA,NA,NA,NA,NA,NA,NA,NA,NA,NA,NA,NA,NA,NA,NA,NA,NA,NA,NA,NA,NA,NA,NA,NA,NA,NA,NA,NA,NA,NA,NA,NA,NA,NA,NA,NA
"Xeno-Canto","sound",1088558,"Alouatta guariba","2026-02-16","09:26","Fabrício Grigolin","Brazil","Gália, São Paulo",-22.3849,-49.7171,"https://xeno-canto.org/1088558/download","wav","https://xeno-canto.org/1088558","alouatta_sound",NA,NA,NA,NA,NA,NA,NA,NA,NA,NA,NA,NA,NA,NA,NA,NA,NA,NA,NA,NA,NA,NA,NA,NA,NA,NA,NA,NA,NA,NA,NA,NA,NA,NA,NA,NA,NA
"Xeno-Canto","sound",1083794,"Alouatta palliata","2024-09-08","15:00","Marc Nassivera","Ecuador","Canandé Reserve, Jocotoco Found., Esmeraldas",0.5208,-79.2086,"https://xeno-canto.org/1083794/download","wav","https://xeno-canto.org/1083794","alouatta_sound",NA,NA,NA,NA,NA,NA,NA,NA,NA,NA,NA,NA,NA,NA,NA,NA,NA,NA,NA,NA,NA,NA,NA,NA,NA,NA,NA,NA,NA,NA,NA,NA,NA,NA,NA,NA,NA
"Xeno-Canto","sound",1083793,"Alouatta palliata","2024-09-08","12:30","Marc Nassivera","Ecuador","Canandé Reserve, Jocotoco Found., Esmeraldas",0.5208,-79.2086,"https://xeno-canto.org/1083793/download","wav","https://xeno-canto.org/1083793","alouatta_sound",NA,NA,NA,NA,NA,NA,NA,NA,NA,NA,NA,NA,NA,NA,NA,NA,NA,NA,NA,NA,NA,NA,NA,NA,NA,NA,NA,NA,NA,NA,NA,NA,NA,NA,NA,NA,NA
"Xeno-Canto","sound",1083792,"Alouatta palliata","2024-09-08","12:30","Marc Nassivera","Ecuador","Canandé Reserve, Jocotoco Found., Esmeraldas",0.5208,-79.2086,"https://xeno-canto.org/1083792/download","wav","https://xeno-canto.org/1083792","alouatta_sound",NA,NA,NA,NA,NA,NA,NA,NA,NA,NA,NA,NA,NA,NA,NA,NA,NA,NA,NA,NA,NA,NA,NA,NA,NA,NA,NA,NA,NA,NA,NA,NA,NA,NA,NA,NA,NA
"Xeno-Canto","sound",1083791,"Alouatta palliata","2024-07-23","15:30","Marc Nassivera","Ecuador","Canandé Reserve, Jocotoco Found., Esmeraldas",0.5208,-79.2086,"https://xeno-canto.org/1083791/download","wav","https://xeno-canto.org/1083791","alouatta_sound",NA,NA,NA,NA,NA,NA,NA,NA,NA,NA,NA,NA,NA,NA,NA,NA,NA,NA,NA,NA,NA,NA,NA,NA,NA,NA,NA,NA,NA,NA,NA,NA,NA,NA,NA,NA,NA
"Xeno-Canto","sound",1083790,"Alouatta palliata","2024-02-14","06:30","Marc Nassivera","Ecuador","Canandé Reserve, Jocotoco Found., Esmeraldas",0.5208,-79.2086,"https://xeno-canto.org/1083790/download","wav","https://xeno-canto.org/1083790","alouatta_sound",NA,NA,NA,NA,NA,NA,NA,NA,NA,NA,NA,NA,NA,NA,NA,NA,NA,NA,NA,NA,NA,NA,NA,NA,NA,NA,NA,NA,NA,NA,NA,NA,NA,NA,NA,NA,NA
"Xeno-Canto","sound",1083789,"Alouatta palliata","2024-02-08","06:30","Marc Nassivera","Ecuador","Canandé Reserve, Jocotoco Found., Esmeraldas",0.5208,-79.2086,"https://xeno-canto.org/1083789/download","wav","https://xeno-canto.org/1083789","alouatta_sound",NA,NA,NA,NA,NA,NA,NA,NA,NA,NA,NA,NA,NA,NA,NA,NA,NA,NA,NA,NA,NA,NA,NA,NA,NA,NA,NA,NA,NA,NA,NA,NA,NA,NA,NA,NA,NA
"Xeno-Canto","sound",1083788,"Alouatta palliata","2024-02-27","09:00","Marc Nassivera","Ecuador","Canandé Reserve, Jocotoco Found., Esmeraldas",0.5208,-79.2086,"https://xeno-canto.org/1083788/download","wav","https://xeno-canto.org/1083788","alouatta_sound",NA,NA,NA,NA,NA,NA,NA,NA,NA,NA,NA,NA,NA,NA,NA,NA,NA,NA,NA,NA,NA,NA,NA,NA,NA,NA,NA,NA,NA,NA,NA,NA,NA,NA,NA,NA,NA
"Xeno-Canto","sound",1083787,"Alouatta palliata","2024-01-25","06:30","Marc Nassivera","Ecuador","Canandé Reserve, Jocotoco Found., Esmeraldas",0.5208,-79.2086,"https://xeno-canto.org/1083787/download","wav","https://xeno-canto.org/1083787","alouatta_sound",NA,NA,NA,NA,NA,NA,NA,NA,NA,NA,NA,NA,NA,NA,NA,NA,NA,NA,NA,NA,NA,NA,NA,NA,NA,NA,NA,NA,NA,NA,NA,NA,NA,NA,NA,NA,NA
"Xeno-Canto","sound",1083786,"Alouatta palliata","2024-01-25","06:30","Marc Nassivera","Ecuador","Canandé Reserve, Jocotoco Found., Esmeraldas",0.5208,-79.2086,"https://xeno-canto.org/1083786/download","wav","https://xeno-canto.org/1083786","alouatta_sound",NA,NA,NA,NA,NA,NA,NA,NA,NA,NA,NA,NA,NA,NA,NA,NA,NA,NA,NA,NA,NA,NA,NA,NA,NA,NA,NA,NA,NA,NA,NA,NA,NA,NA,NA,NA,NA
"Xeno-Canto","sound",1083785,"Alouatta palliata","2024-01-23","08:30","Marc Nassivera","Ecuador","Canandé Reserve, Jocotoco Found., Esmeraldas",0.5208,-79.2086,"https://xeno-canto.org/1083785/download","wav","https://xeno-canto.org/1083785","alouatta_sound",NA,NA,NA,NA,NA,NA,NA,NA,NA,NA,NA,NA,NA,NA,NA,NA,NA,NA,NA,NA,NA,NA,NA,NA,NA,NA,NA,NA,NA,NA,NA,NA,NA,NA,NA,NA,NA
"Xeno-Canto","sound",1083784,"Alouatta palliata","2024-01-23","08:30","Marc Nassivera","Ecuador","Canandé Reserve, Jocotoco Found., Esmeraldas",0.5208,-79.2086,"https://xeno-canto.org/1083784/download","wav","https://xeno-canto.org/1083784","alouatta_sound",NA,NA,NA,NA,NA,NA,NA,NA,NA,NA,NA,NA,NA,NA,NA,NA,NA,NA,NA,NA,NA,NA,NA,NA,NA,NA,NA,NA,NA,NA,NA,NA,NA,NA,NA,NA,NA
"Xeno-Canto","sound",1083783,"Alouatta palliata","2024-01-23","08:00","Marc Nassivera","Ecuador","Canandé Reserve, Jocotoco Found., Esmeraldas",0.5208,-79.2086,"https://xeno-canto.org/1083783/download","wav","https://xeno-canto.org/1083783","alouatta_sound",NA,NA,NA,NA,NA,NA,NA,NA,NA,NA,NA,NA,NA,NA,NA,NA,NA,NA,NA,NA,NA,NA,NA,NA,NA,NA,NA,NA,NA,NA,NA,NA,NA,NA,NA,NA,NA
"Xeno-Canto","sound",1083782,"Alouatta palliata","2024-01-22","06:30","Marc Nassivera","Ecuador","Canandé Reserve, Jocotoco Found., Esmeraldas",0.5208,-79.2086,"https://xeno-canto.org/1083782/download","wav","https://xeno-canto.org/1083782","alouatta_sound",NA,NA,NA,NA,NA,NA,NA,NA,NA,NA,NA,NA,NA,NA,NA,NA,NA,NA,NA,NA,NA,NA,NA,NA,NA,NA,NA,NA,NA,NA,NA,NA,NA,NA,NA,NA,NA
"Xeno-Canto","sound",1083781,"Alouatta palliata","2024-01-22","06:30","Marc Nassivera","Ecuador","Canandé Reserve, Jocotoco Found., Esmeraldas",0.5208,-79.2086,"https://xeno-canto.org/1083781/download","wav","https://xeno-canto.org/1083781","alouatta_sound",NA,NA,NA,NA,NA,NA,NA,NA,NA,NA,NA,NA,NA,NA,NA,NA,NA,NA,NA,NA,NA,NA,NA,NA,NA,NA,NA,NA,NA,NA,NA,NA,NA,NA,NA,NA,NA
"Xeno-Canto","sound",1083780,"Alouatta palliata","2024-01-20","06:30","Marc Nassivera","Ecuador","Canandé Reserve, Jocotoco Found., Esmeraldas",0.5208,-79.2086,"https://xeno-canto.org/1083780/download","wav","https://xeno-canto.org/1083780","alouatta_sound",NA,NA,NA,NA,NA,NA,NA,NA,NA,NA,NA,NA,NA,NA,NA,NA,NA,NA,NA,NA,NA,NA,NA,NA,NA,NA,NA,NA,NA,NA,NA,NA,NA,NA,NA,NA,NA
"Xeno-Canto","sound",1083779,"Alouatta palliata","2024-01-17","07:30","Marc Nassivera","Ecuador","Canandé Reserve, Jocotoco Found., Esmeraldas",0.5208,-79.2086,"https://xeno-canto.org/1083779/download","wav","https://xeno-canto.org/1083779","alouatta_sound",NA,NA,NA,NA,NA,NA,NA,NA,NA,NA,NA,NA,NA,NA,NA,NA,NA,NA,NA,NA,NA,NA,NA,NA,NA,NA,NA,NA,NA,NA,NA,NA,NA,NA,NA,NA,NA
"Xeno-Canto","sound",1083778,"Alouatta palliata","2024-01-17","06:30","Marc Nassivera","Ecuador","Canandé Reserve, Jocotoco Found., Esmeraldas",0.5208,-79.2086,"https://xeno-canto.org/1083778/download","wav","https://xeno-canto.org/1083778","alouatta_sound",NA,NA,NA,NA,NA,NA,NA,NA,NA,NA,NA,NA,NA,NA,NA,NA,NA,NA,NA,NA,NA,NA,NA,NA,NA,NA,NA,NA,NA,NA,NA,NA,NA,NA,NA,NA,NA
"Xeno-Canto","sound",1083777,"Alouatta palliata","2024-01-17","06:00","Marc Nassivera","Ecuador","Canandé Reserve, Jocotoco Found., Esmeraldas",0.5208,-79.2086,"https://xeno-canto.org/1083777/download","wav","https://xeno-canto.org/1083777","alouatta_sound",NA,NA,NA,NA,NA,NA,NA,NA,NA,NA,NA,NA,NA,NA,NA,NA,NA,NA,NA,NA,NA,NA,NA,NA,NA,NA,NA,NA,NA,NA,NA,NA,NA,NA,NA,NA,NA
"Xeno-Canto","sound",1083776,"Alouatta palliata","2021-11-16","07:30","Marc Nassivera","Ecuador","Canandé Reserve, Jocotoco Found., Esmeraldas",0.5208,-79.2086,"https://xeno-canto.org/1083776/download","wav","https://xeno-canto.org/1083776","alouatta_sound",NA,NA,NA,NA,NA,NA,NA,NA,NA,NA,NA,NA,NA,NA,NA,NA,NA,NA,NA,NA,NA,NA,NA,NA,NA,NA,NA,NA,NA,NA,NA,NA,NA,NA,NA,NA,NA
"Xeno-Canto","sound",1083775,"Alouatta palliata","2021-11-16","06:00","Marc Nassivera","Ecuador","Canandé Reserve, Jocotoco Found., Esmeraldas",0.5208,-79.2086,"https://xeno-canto.org/1083775/download","wav","https://xeno-canto.org/1083775","alouatta_sound",NA,NA,NA,NA,NA,NA,NA,NA,NA,NA,NA,NA,NA,NA,NA,NA,NA,NA,NA,NA,NA,NA,NA,NA,NA,NA,NA,NA,NA,NA,NA,NA,NA,NA,NA,NA,NA
"Xeno-Canto","sound",1068647,"Alouatta seniculus","2020-03-09","11:00","Frank Lambert","Peru","Cocha Cashu Biological Station, Manu National Park",-11.8667,-71.3667,"https://xeno-canto.org/1068647/download","wav","https://xeno-canto.org/1068647","alouatta_sound",NA,NA,NA,NA,NA,NA,NA,NA,NA,NA,NA,NA,NA,NA,NA,NA,NA,NA,NA,NA,NA,NA,NA,NA,NA,NA,NA,NA,NA,NA,NA,NA,NA,NA,NA,NA,NA
"Xeno-Canto","sound",1068642,"Alouatta seniculus","2020-03-09","11:00","Frank Lambert","Peru","Cocha Cashu Biological Station, Manu National Park",-11.8667,-71.3667,"https://xeno-canto.org/1068642/download","wav","https://xeno-canto.org/1068642","alouatta_sound",NA,NA,NA,NA,NA,NA,NA,NA,NA,NA,NA,NA,NA,NA,NA,NA,NA,NA,NA,NA,NA,NA,NA,NA,NA,NA,NA,NA,NA,NA,NA,NA,NA,NA,NA,NA,NA
"Xeno-Canto","sound",1045380,"Alouatta palliata","2012-03-25","13:00","Lars Lachmann","Ecuador","Playa de Oro, Esmeraldas Province, Ecuador",0.8501,-78.7667,"https://xeno-canto.org/1045380/download","mp3","https://xeno-canto.org/1045380","alouatta_sound",NA,NA,NA,NA,NA,NA,NA,NA,NA,NA,NA,NA,NA,NA,NA,NA,NA,NA,NA,NA,NA,NA,NA,NA,NA,NA,NA,NA,NA,NA,NA,NA,NA,NA,NA,NA,NA
"Xeno-Canto","sound",1031752,"Alouatta macconnelli","2025-03-19","05:02","Richard E. Webster","Guyana","Atta Rainforest Lodge",4.2454,-58.9055,"https://xeno-canto.org/1031752/download","mp3","https://xeno-canto.org/1031752","alouatta_sound",NA,NA,NA,NA,NA,NA,NA,NA,NA,NA,NA,NA,NA,NA,NA,NA,NA,NA,NA,NA,NA,NA,NA,NA,NA,NA,NA,NA,NA,NA,NA,NA,NA,NA,NA,NA,NA
"Xeno-Canto","sound",998068,"Alouatta sara","2022-09-15","06:42","Jacob Wijpkema","Bolivia","Est. Francia, General José Ballivián, Departamento del Beni",-13.4764,-66.5615,"https://xeno-canto.org/998068/download","wav","https://xeno-canto.org/998068","alouatta_sound",NA,NA,NA,NA,NA,NA,NA,NA,NA,NA,NA,NA,NA,NA,NA,NA,NA,NA,NA,NA,NA,NA,NA,NA,NA,NA,NA,NA,NA,NA,NA,NA,NA,NA,NA,NA,NA
"Xeno-Canto","sound",998066,"Alouatta sara","2022-09-15","06:37","Jacob Wijpkema","Bolivia","Est. Francia, General José Ballivián, Departamento del Beni",-13.4764,-66.5615,"https://xeno-canto.org/998066/download","wav","https://xeno-canto.org/998066","alouatta_sound",NA,NA,NA,NA,NA,NA,NA,NA,NA,NA,NA,NA,NA,NA,NA,NA,NA,NA,NA,NA,NA,NA,NA,NA,NA,NA,NA,NA,NA,NA,NA,NA,NA,NA,NA,NA,NA
"Xeno-Canto","sound",998060,"Alouatta sara","2021-05-26","06:25","Jacob Wijpkema","Bolivia","Extrema",-11.4667,-69.2501,"https://xeno-canto.org/998060/download","wav","https://xeno-canto.org/998060","alouatta_sound",NA,NA,NA,NA,NA,NA,NA,NA,NA,NA,NA,NA,NA,NA,NA,NA,NA,NA,NA,NA,NA,NA,NA,NA,NA,NA,NA,NA,NA,NA,NA,NA,NA,NA,NA,NA,NA
"Xeno-Canto","sound",997053,"Alouatta palliata","2017-01-19","07:00","Albert Lastukhin","Costa Rica","Sámara, Provincia de Guanacaste",9.8799,-85.5309,"https://xeno-canto.org/997053/download","mp3","https://xeno-canto.org/997053","alouatta_sound",NA,NA,NA,NA,NA,NA,NA,NA,NA,NA,NA,NA,NA,NA,NA,NA,NA,NA,NA,NA,NA,NA,NA,NA,NA,NA,NA,NA,NA,NA,NA,NA,NA,NA,NA,NA,NA
"Xeno-Canto","sound",997052,"Alouatta palliata","2017-01-19","07:00","Albert Lastukhin","Costa Rica","Sámara, Provincia de Guanacaste",9.8799,-85.5309,"https://xeno-canto.org/997052/download","mp3","https://xeno-canto.org/997052","alouatta_sound",NA,NA,NA,NA,NA,NA,NA,NA,NA,NA,NA,NA,NA,NA,NA,NA,NA,NA,NA,NA,NA,NA,NA,NA,NA,NA,NA,NA,NA,NA,NA,NA,NA,NA,NA,NA,NA
"Xeno-Canto","sound",997050,"Alouatta palliata","2017-01-19","07:00","Albert Lastukhin","Costa Rica","Sámara, Provincia de Guanacaste",9.8799,-85.5309,"https://xeno-canto.org/997050/download","mp3","https://xeno-canto.org/997050","alouatta_sound",NA,NA,NA,NA,NA,NA,NA,NA,NA,NA,NA,NA,NA,NA,NA,NA,NA,NA,NA,NA,NA,NA,NA,NA,NA,NA,NA,NA,NA,NA,NA,NA,NA,NA,NA,NA,NA
"Xeno-Canto","sound",995658,"Alouatta guariba","1995-11-13","09:20","Dante Buzzetti","Brazil","Parque Estadual do Morro do Diabo, Teodoro Sampaio, São Paulo",-22.5519,-52.3398,"https://xeno-canto.org/995658/download","wav","https://xeno-canto.org/995658","alouatta_sound",NA,NA,NA,NA,NA,NA,NA,NA,NA,NA,NA,NA,NA,NA,NA,NA,NA,NA,NA,NA,NA,NA,NA,NA,NA,NA,NA,NA,NA,NA,NA,NA,NA,NA,NA,NA,NA
"Xeno-Canto","sound",984444,"Alouatta macconnelli","2017-11-02","01:00","Brice De La Croix","French Guiana","Camp Caïman",4.565,-52.2103,"https://xeno-canto.org/984444/download","mp3","https://xeno-canto.org/984444","alouatta_sound",NA,NA,NA,NA,NA,NA,NA,NA,NA,NA,NA,NA,NA,NA,NA,NA,NA,NA,NA,NA,NA,NA,NA,NA,NA,NA,NA,NA,NA,NA,NA,NA,NA,NA,NA,NA,NA
"Xeno-Canto","sound",979159,"Alouatta seniculus","2025-02-04","06:30","Marc Anderson","Ecuador","Orellana: Mandari Panga Yasuni, south bank Río Tiputini",-0.6257,-76.6179,"https://xeno-canto.org/979159/download","mp3","https://xeno-canto.org/979159","alouatta_sound",NA,NA,NA,NA,NA,NA,NA,NA,NA,NA,NA,NA,NA,NA,NA,NA,NA,NA,NA,NA,NA,NA,NA,NA,NA,NA,NA,NA,NA,NA,NA,NA,NA,NA,NA,NA,NA
"Xeno-Canto","sound",964199,"Alouatta palliata","2015-02-05","05:56","Beatrix Saadi-Varchmin","Costa Rica","OTS station, Palo Verde National Park, Guanacaste Costa Rica, ",10.35,-85.3333,"https://xeno-canto.org/964199/download","wav","https://xeno-canto.org/964199","alouatta_sound",NA,NA,NA,NA,NA,NA,NA,NA,NA,NA,NA,NA,NA,NA,NA,NA,NA,NA,NA,NA,NA,NA,NA,NA,NA,NA,NA,NA,NA,NA,NA,NA,NA,NA,NA,NA,NA
"Xeno-Canto","sound",963909,"Alouatta sara","2024-10-31","04:23","Richard E. Webster","Peru","Posada Amazonas, Rio Tambopata, Madre de Dios",-12.8023,-69.2997,"https://xeno-canto.org/963909/download","mp3","https://xeno-canto.org/963909","alouatta_sound",NA,NA,NA,NA,NA,NA,NA,NA,NA,NA,NA,NA,NA,NA,NA,NA,NA,NA,NA,NA,NA,NA,NA,NA,NA,NA,NA,NA,NA,NA,NA,NA,NA,NA,NA,NA,NA
"Xeno-Canto","sound",963904,"Alouatta sara","2024-10-30","17:11","Richard E. Webster","Peru","Posada Amazonas, Rio Tambopata, Madre de Dios",-12.8023,-69.2997,"https://xeno-canto.org/963904/download","mp3","https://xeno-canto.org/963904","alouatta_sound",NA,NA,NA,NA,NA,NA,NA,NA,NA,NA,NA,NA,NA,NA,NA,NA,NA,NA,NA,NA,NA,NA,NA,NA,NA,NA,NA,NA,NA,NA,NA,NA,NA,NA,NA,NA,NA
"Xeno-Canto","sound",962689,"Alouatta palliata","2015-02-03","05:38","Beatrix Saadi-Varchmin","Costa Rica","OTS station, Palo Verde National Park, Guanacaste Costa Rica, ",10.35,-85.3333,"https://xeno-canto.org/962689/download","wav","https://xeno-canto.org/962689","alouatta_sound",NA,NA,NA,NA,NA,NA,NA,NA,NA,NA,NA,NA,NA,NA,NA,NA,NA,NA,NA,NA,NA,NA,NA,NA,NA,NA,NA,NA,NA,NA,NA,NA,NA,NA,NA,NA,NA
"Xeno-Canto","sound",962688,"Alouatta palliata","2015-02-03","05:35","Beatrix Saadi-Varchmin","Costa Rica","OTS station, Palo Verde National Park, Guanacaste Costa Rica, ",10.35,-85.3333,"https://xeno-canto.org/962688/download","wav","https://xeno-canto.org/962688","alouatta_sound",NA,NA,NA,NA,NA,NA,NA,NA,NA,NA,NA,NA,NA,NA,NA,NA,NA,NA,NA,NA,NA,NA,NA,NA,NA,NA,NA,NA,NA,NA,NA,NA,NA,NA,NA,NA,NA
"Xeno-Canto","sound",962291,"Alouatta caraya","2024-12-06","17:00","Guillermo Menéndez","Paraguay","Puerto Olivares, Cordillera",-24.955,-57.299,"https://xeno-canto.org/962291/download","mp3","https://xeno-canto.org/962291","alouatta_sound",NA,NA,NA,NA,NA,NA,NA,NA,NA,NA,NA,NA,NA,NA,NA,NA,NA,NA,NA,NA,NA,NA,NA,NA,NA,NA,NA,NA,NA,NA,NA,NA,NA,NA,NA,NA,NA
"Xeno-Canto","sound",961694,"Alouatta palliata","2025-01-09","09:56","Chris Harrison","Panama","Corregimiento de Cristóbal (near  Gamboa), Colón, Provincia de Colón",9.1356,-79.723,"https://xeno-canto.org/961694/download","wav","https://xeno-canto.org/961694","alouatta_sound",NA,NA,NA,NA,NA,NA,NA,NA,NA,NA,NA,NA,NA,NA,NA,NA,NA,NA,NA,NA,NA,NA,NA,NA,NA,NA,NA,NA,NA,NA,NA,NA,NA,NA,NA,NA,NA
"Xeno-Canto","sound",960904,"Alouatta palliata","2018-03-11","17:00","Simon Elliott","Costa Rica","Santa Cruz-Ostional, Guanacaste Province",10.0227,-85.7195,"https://xeno-canto.org/960904/download","mp3","https://xeno-canto.org/960904","alouatta_sound",NA,NA,NA,NA,NA,NA,NA,NA,NA,NA,NA,NA,NA,NA,NA,NA,NA,NA,NA,NA,NA,NA,NA,NA,NA,NA,NA,NA,NA,NA,NA,NA,NA,NA,NA,NA,NA
"Xeno-Canto","sound",960903,"Alouatta palliata","2018-03-12","05:00","Simon Elliott","Costa Rica","Santa Cruz-Ostional, Guanacaste Province",10.0227,-85.7195,"https://xeno-canto.org/960903/download","mp3","https://xeno-canto.org/960903","alouatta_sound",NA,NA,NA,NA,NA,NA,NA,NA,NA,NA,NA,NA,NA,NA,NA,NA,NA,NA,NA,NA,NA,NA,NA,NA,NA,NA,NA,NA,NA,NA,NA,NA,NA,NA,NA,NA,NA
"Xeno-Canto","sound",960449,"Alouatta caraya","2022-12-13","11:00","Guilherme Melo","Argentina","Mercedes Department, Corrientes",-28.5454,-57.1543,"https://xeno-canto.org/960449/download","wav","https://xeno-canto.org/960449","alouatta_sound",NA,NA,NA,NA,NA,NA,NA,NA,NA,NA,NA,NA,NA,NA,NA,NA,NA,NA,NA,NA,NA,NA,NA,NA,NA,NA,NA,NA,NA,NA,NA,NA,NA,NA,NA,NA,NA
"Xeno-Canto","sound",960448,"Alouatta caraya","2022-12-13","11:00","Guilherme Melo","Argentina","Mercedes Department, Corrientes",-28.5454,-57.1543,"https://xeno-canto.org/960448/download","wav","https://xeno-canto.org/960448","alouatta_sound",NA,NA,NA,NA,NA,NA,NA,NA,NA,NA,NA,NA,NA,NA,NA,NA,NA,NA,NA,NA,NA,NA,NA,NA,NA,NA,NA,NA,NA,NA,NA,NA,NA,NA,NA,NA,NA
"Xeno-Canto","sound",960436,"Alouatta palliata","2023-11-04","10:00","Guilherme Melo","Costa Rica","Quebrada Gonzalez, Braulio Carrillo NP, Limon",10.161,-83.938,"https://xeno-canto.org/960436/download","wav","https://xeno-canto.org/960436","alouatta_sound",NA,NA,NA,NA,NA,NA,NA,NA,NA,NA,NA,NA,NA,NA,NA,NA,NA,NA,NA,NA,NA,NA,NA,NA,NA,NA,NA,NA,NA,NA,NA,NA,NA,NA,NA,NA,NA
"Xeno-Canto","sound",960190,"Alouatta palliata","2023-10-24","08:39","Niels Krabbe","Ecuador","Manabí: Reserva Lalo Loor, stream",-0.0819,-80.1502,"https://xeno-canto.org/960190/download","mp3","https://xeno-canto.org/960190","alouatta_sound",NA,NA,NA,NA,NA,NA,NA,NA,NA,NA,NA,NA,NA,NA,NA,NA,NA,NA,NA,NA,NA,NA,NA,NA,NA,NA,NA,NA,NA,NA,NA,NA,NA,NA,NA,NA,NA
"Xeno-Canto","sound",960189,"Alouatta palliata","2023-10-23","17:45","Niels Krabbe","Ecuador","Manabí: Reserva Lalo Loor, stream",-0.0819,-80.1502,"https://xeno-canto.org/960189/download","mp3","https://xeno-canto.org/960189","alouatta_sound",NA,NA,NA,NA,NA,NA,NA,NA,NA,NA,NA,NA,NA,NA,NA,NA,NA,NA,NA,NA,NA,NA,NA,NA,NA,NA,NA,NA,NA,NA,NA,NA,NA,NA,NA,NA,NA
"Xeno-Canto","sound",960188,"Alouatta palliata","2023-10-24","08:29","Niels Krabbe","Ecuador","Manabí: Reserva Lalo Loor, stream",-0.0819,-80.1502,"https://xeno-canto.org/960188/download","mp3","https://xeno-canto.org/960188","alouatta_sound",NA,NA,NA,NA,NA,NA,NA,NA,NA,NA,NA,NA,NA,NA,NA,NA,NA,NA,NA,NA,NA,NA,NA,NA,NA,NA,NA,NA,NA,NA,NA,NA,NA,NA,NA,NA,NA
"Xeno-Canto","sound",1092194,"Alouatta seniculus","2026-03-09","07:00","Simon Elliott","Ecuador","Orellana: Laguna Añangu",-0.523,-76.438,"https://xeno-canto.org/1092194/download","wav","https://xeno-canto.org/1092194","alouatta_sound",NA,NA,NA,NA,NA,NA,NA,NA,NA,NA,NA,NA,NA,NA,NA,NA,NA,NA,NA,NA,NA,NA,NA,NA,NA,NA,NA,NA,NA,NA,NA,NA,NA,NA,NA,NA,NA
"Xeno-Canto","sound",1091794,"Alouatta macconnelli","2025-02-17","06:30","Jelle Scharringa","Suriname","Groningen, Groningen, Saramacca District",5.7647,-55.4623,"https://xeno-canto.org/1091794/download","mp3","https://xeno-canto.org/1091794","alouatta_sound",NA,NA,NA,NA,NA,NA,NA,NA,NA,NA,NA,NA,NA,NA,NA,NA,NA,NA,NA,NA,NA,NA,NA,NA,NA,NA,NA,NA,NA,NA,NA,NA,NA,NA,NA,NA,NA
"Xeno-Canto","sound",1091788,"Alouatta macconnelli","2026-02-12","07:45","Jelle Scharringa","Suriname","Cupido, Wageningen, Nickerie District",5.6612,-56.6796,"https://xeno-canto.org/1091788/download","mp3","https://xeno-canto.org/1091788","alouatta_sound",NA,NA,NA,NA,NA,NA,NA,NA,NA,NA,NA,NA,NA,NA,NA,NA,NA,NA,NA,NA,NA,NA,NA,NA,NA,NA,NA,NA,NA,NA,NA,NA,NA,NA,NA,NA,NA
"Xeno-Canto","sound",1091582,"Alouatta palliata","2003-12-26","07:00","Jelle Scharringa","Costa Rica","Chomes (near  Manzanillo), Puntarenas, Provincia de Puntarenas",10.1564,-84.9239,"https://xeno-canto.org/1091582/download","mp3","https://xeno-canto.org/1091582","alouatta_sound",NA,NA,NA,NA,NA,NA,NA,NA,NA,NA,NA,NA,NA,NA,NA,NA,NA,NA,NA,NA,NA,NA,NA,NA,NA,NA,NA,NA,NA,NA,NA,NA,NA,NA,NA,NA,NA
"Xeno-Canto","sound",1090238,"Alouatta pigra","2026-03-10","07:30","Gabriel Leite","Guatemala","Tikal National Park, old airstrip, Peten",17.2273,-89.6081,"https://xeno-canto.org/1090238/download","wav","https://xeno-canto.org/1090238","alouatta_sound",NA,NA,NA,NA,NA,NA,NA,NA,NA,NA,NA,NA,NA,NA,NA,NA,NA,NA,NA,NA,NA,NA,NA,NA,NA,NA,NA,NA,NA,NA,NA,NA,NA,NA,NA,NA,NA
"Xeno-Canto","sound",1068645,"Alouatta seniculus","2003-04-18","11:00","Frank Lambert","Peru","Cocha Cashu Biological Station, Manu National Park",-11.8667,-71.3667,"https://xeno-canto.org/1068645/download","wav","https://xeno-canto.org/1068645","alouatta_sound",NA,NA,NA,NA,NA,NA,NA,NA,NA,NA,NA,NA,NA,NA,NA,NA,NA,NA,NA,NA,NA,NA,NA,NA,NA,NA,NA,NA,NA,NA,NA,NA,NA,NA,NA,NA,NA
"Xeno-Canto","sound",1052585,"Alouatta macconnelli","2025-11-02","06:30","Paul Lenrumé","French Guiana","Basse-Terre savanna",4.841,-52.4857,"https://xeno-canto.org/1052585/download","mp3","https://xeno-canto.org/1052585","alouatta_sound",NA,NA,NA,NA,NA,NA,NA,NA,NA,NA,NA,NA,NA,NA,NA,NA,NA,NA,NA,NA,NA,NA,NA,NA,NA,NA,NA,NA,NA,NA,NA,NA,NA,NA,NA,NA,NA
"Xeno-Canto","sound",1051484,"Alouatta guariba","2012-02-09","07:00","Leonardo R. Deconto","Brazil","Pinhão, Parana",-25.9926,-51.65,"https://xeno-canto.org/1051484/download","wav","https://xeno-canto.org/1051484","alouatta_sound",NA,NA,NA,NA,NA,NA,NA,NA,NA,NA,NA,NA,NA,NA,NA,NA,NA,NA,NA,NA,NA,NA,NA,NA,NA,NA,NA,NA,NA,NA,NA,NA,NA,NA,NA,NA,NA
"Xeno-Canto","sound",1002599,"Alouatta guariba","1996-09-01","09:40","Dante Buzzetti","Brazil","Parque Estadual da Serra da Cantareira, Guarulhos, São Paulo",-23.375,-46.4883,"https://xeno-canto.org/1002599/download","wav","https://xeno-canto.org/1002599","alouatta_sound",NA,NA,NA,NA,NA,NA,NA,NA,NA,NA,NA,NA,NA,NA,NA,NA,NA,NA,NA,NA,NA,NA,NA,NA,NA,NA,NA,NA,NA,NA,NA,NA,NA,NA,NA,NA,NA
"Xeno-Canto","sound",990695,"Alouatta macconnelli","2021-02-14","09:00","Guilherme Melo","Brazil","Igarapé Água boa - Caracaraí, Roraima",1.7895,-61.1926,"https://xeno-canto.org/990695/download","wav","https://xeno-canto.org/990695","alouatta_sound",NA,NA,NA,NA,NA,NA,NA,NA,NA,NA,NA,NA,NA,NA,NA,NA,NA,NA,NA,NA,NA,NA,NA,NA,NA,NA,NA,NA,NA,NA,NA,NA,NA,NA,NA,NA,NA
"Xeno-Canto","sound",990691,"Alouatta nigerrima","2019-09-05","13:30","Guilherme Melo","Brazil","PN da Amazônia, PA",-4.555,-56.308,"https://xeno-canto.org/990691/download","wav","https://xeno-canto.org/990691","alouatta_sound",NA,NA,NA,NA,NA,NA,NA,NA,NA,NA,NA,NA,NA,NA,NA,NA,NA,NA,NA,NA,NA,NA,NA,NA,NA,NA,NA,NA,NA,NA,NA,NA,NA,NA,NA,NA,NA
"Xeno-Canto","sound",988610,"Alouatta seniculus","2022-10-04","07:00","Gabriel Leite","Brazil","Carauari, Amazonas",-5.0825,-67.0669,"https://xeno-canto.org/988610/download","wav","https://xeno-canto.org/988610","alouatta_sound",NA,NA,NA,NA,NA,NA,NA,NA,NA,NA,NA,NA,NA,NA,NA,NA,NA,NA,NA,NA,NA,NA,NA,NA,NA,NA,NA,NA,NA,NA,NA,NA,NA,NA,NA,NA,NA
"Xeno-Canto","sound",984447,"Alouatta macconnelli","2019-01-26","07:00","Brice De La Croix","French Guiana","'piste Armontabo', piste de Saut Maripa, Saint-Georges",3.8518,-51.8894,"https://xeno-canto.org/984447/download","mp3","https://xeno-canto.org/984447","alouatta_sound",NA,NA,NA,NA,NA,NA,NA,NA,NA,NA,NA,NA,NA,NA,NA,NA,NA,NA,NA,NA,NA,NA,NA,NA,NA,NA,NA,NA,NA,NA,NA,NA,NA,NA,NA,NA,NA
"Xeno-Canto","sound",984445,"Alouatta macconnelli","2019-01-26","07:00","Brice De La Croix","French Guiana","'piste Armontabo', piste de Saut Maripa, Saint-Georges",3.8518,-51.8894,"https://xeno-canto.org/984445/download","mp3","https://xeno-canto.org/984445","alouatta_sound",NA,NA,NA,NA,NA,NA,NA,NA,NA,NA,NA,NA,NA,NA,NA,NA,NA,NA,NA,NA,NA,NA,NA,NA,NA,NA,NA,NA,NA,NA,NA,NA,NA,NA,NA,NA,NA
"Xeno-Canto","sound",983596,"Alouatta seniculus","2025-03-25","07:10","Sergio Chaparro-Herrera","Colombia","Necoclí, Antioquia",8.5089,-76.7213,"https://xeno-canto.org/983596/download","wav","https://xeno-canto.org/983596","alouatta_sound",NA,NA,NA,NA,NA,NA,NA,NA,NA,NA,NA,NA,NA,NA,NA,NA,NA,NA,NA,NA,NA,NA,NA,NA,NA,NA,NA,NA,NA,NA,NA,NA,NA,NA,NA,NA,NA
"Xeno-Canto","sound",971203,"Alouatta palliata","2022-05-28","18:00","Juan Freile","Ecuador","Reserva FCAT",0.373,-79.6652,"https://xeno-canto.org/971203/download","wav","https://xeno-canto.org/971203","alouatta_sound",NA,NA,NA,NA,NA,NA,NA,NA,NA,NA,NA,NA,NA,NA,NA,NA,NA,NA,NA,NA,NA,NA,NA,NA,NA,NA,NA,NA,NA,NA,NA,NA,NA,NA,NA,NA,NA
"Xeno-Canto","sound",966013,"Alouatta macconnelli","2018-03-15","06:00","Gabriel Leite","Brazil","PN Virua, Roraima",1.4898,-61.023,"https://xeno-canto.org/966013/download","wav","https://xeno-canto.org/966013","alouatta_sound",NA,NA,NA,NA,NA,NA,NA,NA,NA,NA,NA,NA,NA,NA,NA,NA,NA,NA,NA,NA,NA,NA,NA,NA,NA,NA,NA,NA,NA,NA,NA,NA,NA,NA,NA,NA,NA
"Xeno-Canto","sound",966009,"Alouatta belzebul","2021-04-28","12:30","Gabriel Leite","Brazil","Paragominas, State of Pará",-2.5972,-46.5554,"https://xeno-canto.org/966009/download","wav","https://xeno-canto.org/966009","alouatta_sound",NA,NA,NA,NA,NA,NA,NA,NA,NA,NA,NA,NA,NA,NA,NA,NA,NA,NA,NA,NA,NA,NA,NA,NA,NA,NA,NA,NA,NA,NA,NA,NA,NA,NA,NA,NA,NA
"Xeno-Canto","sound",963911,"Alouatta sara","2024-11-08","16:31","Richard E. Webster","Peru","Tambopata Research Center, Rio Tambopata",-13.1381,-69.6118,"https://xeno-canto.org/963911/download","mp3","https://xeno-canto.org/963911","alouatta_sound",NA,NA,NA,NA,NA,NA,NA,NA,NA,NA,NA,NA,NA,NA,NA,NA,NA,NA,NA,NA,NA,NA,NA,NA,NA,NA,NA,NA,NA,NA,NA,NA,NA,NA,NA,NA,NA
"Xeno-Canto","sound",963910,"Alouatta sara","2024-11-05","17:23","Richard E. Webster","Peru","Tambopata Research Center, Rio Tambopata",-13.1381,-69.6118,"https://xeno-canto.org/963910/download","mp3","https://xeno-canto.org/963910","alouatta_sound",NA,NA,NA,NA,NA,NA,NA,NA,NA,NA,NA,NA,NA,NA,NA,NA,NA,NA,NA,NA,NA,NA,NA,NA,NA,NA,NA,NA,NA,NA,NA,NA,NA,NA,NA,NA,NA
"Xeno-Canto","sound",960191,"Alouatta palliata","2023-03-10","06:43","Niels Krabbe","Ecuador","Esmeraldas: Reserva Canandé lodge",0.5245,-79.2136,"https://xeno-canto.org/960191/download","mp3","https://xeno-canto.org/960191","alouatta_sound",NA,NA,NA,NA,NA,NA,NA,NA,NA,NA,NA,NA,NA,NA,NA,NA,NA,NA,NA,NA,NA,NA,NA,NA,NA,NA,NA,NA,NA,NA,NA,NA,NA,NA,NA,NA,NA
"Xeno-Canto","sound",959860,"Alouatta seniculus","2008-08-03","06:21","Dante Buzzetti","Brazil","Parque Estadual Chandless, Santa Rosa do Purus, Acre",-9.4462,-70.4362,"https://xeno-canto.org/959860/download","mp3","https://xeno-canto.org/959860","alouatta_sound",NA,NA,NA,NA,NA,NA,NA,NA,NA,NA,NA,NA,NA,NA,NA,NA,NA,NA,NA,NA,NA,NA,NA,NA,NA,NA,NA,NA,NA,NA,NA,NA,NA,NA,NA,NA,NA
"Xeno-Canto","sound",959825,"Alouatta guariba","1997-06-11","06:36","Dante Buzzetti","Brazil","Praia do Abraão, Ilha Grande, Angra dos Reis, Rio de Janeiro",-23.1526,-44.1896,"https://xeno-canto.org/959825/download","wav","https://xeno-canto.org/959825","alouatta_sound",NA,NA,NA,NA,NA,NA,NA,NA,NA,NA,NA,NA,NA,NA,NA,NA,NA,NA,NA,NA,NA,NA,NA,NA,NA,NA,NA,NA,NA,NA,NA,NA,NA,NA,NA,NA,NA
"Xeno-Canto","sound",1093360,"Alouatta seniculus","2016-04-05","09:00","Gabriel Leite","Colombia","San Lorenzo road, Santa Marta mountains, Magdalena",11.1001,-74.0667,"https://xeno-canto.org/1093360/download","mp3","https://xeno-canto.org/1093360","alouatta_sound",NA,NA,NA,NA,NA,NA,NA,NA,NA,NA,NA,NA,NA,NA,NA,NA,NA,NA,NA,NA,NA,NA,NA,NA,NA,NA,NA,NA,NA,NA,NA,NA,NA,NA,NA,NA,NA
"Xeno-Canto","sound",1093358,"Alouatta seniculus","2016-04-05","07:00","Gabriel Leite","Colombia","San Lorenzo road, Santa Marta mountains, Magdalena",11.1001,-74.0667,"https://xeno-canto.org/1093358/download","mp3","https://xeno-canto.org/1093358","alouatta_sound",NA,NA,NA,NA,NA,NA,NA,NA,NA,NA,NA,NA,NA,NA,NA,NA,NA,NA,NA,NA,NA,NA,NA,NA,NA,NA,NA,NA,NA,NA,NA,NA,NA,NA,NA,NA,NA
"Xeno-Canto","sound",1090274,"Alouatta palliata","2017-07-19","11:00","Gabriel Leite","Costa Rica","La Selva, Sarapiqui, Heredia",10.4314,-84.039,"https://xeno-canto.org/1090274/download","wav","https://xeno-canto.org/1090274","alouatta_sound",NA,NA,NA,NA,NA,NA,NA,NA,NA,NA,NA,NA,NA,NA,NA,NA,NA,NA,NA,NA,NA,NA,NA,NA,NA,NA,NA,NA,NA,NA,NA,NA,NA,NA,NA,NA,NA
"Xeno-Canto","sound",1087758,"Alouatta macconnelli","1996-11-24","18:40","Dante Buzzetti","Brazil","Rio Curiaú, Macapá, Amapá",0.1209,-51.008,"https://xeno-canto.org/1087758/download","wav","https://xeno-canto.org/1087758","alouatta_sound",NA,NA,NA,NA,NA,NA,NA,NA,NA,NA,NA,NA,NA,NA,NA,NA,NA,NA,NA,NA,NA,NA,NA,NA,NA,NA,NA,NA,NA,NA,NA,NA,NA,NA,NA,NA,NA
"Xeno-Canto","sound",1087618,"Alouatta macconnelli","2025-09-12","05:58","Delaitre Guillaume","French Guiana","OR25, Mine Kounamari",4.2813,-52.284,"https://xeno-canto.org/1087618/download","wav","https://xeno-canto.org/1087618","alouatta_sound",NA,NA,NA,NA,NA,NA,NA,NA,NA,NA,NA,NA,NA,NA,NA,NA,NA,NA,NA,NA,NA,NA,NA,NA,NA,NA,NA,NA,NA,NA,NA,NA,NA,NA,NA,NA,NA
"Xeno-Canto","sound",1084081,"Alouatta macconnelli","2026-02-23","18:30","Burooj Ghani","Suriname","Fredberg logging road, Sipaliwini",4.6413,-55.4302,"https://xeno-canto.org/1084081/download","mp3","https://xeno-canto.org/1084081","alouatta_sound",NA,NA,NA,NA,NA,NA,NA,NA,NA,NA,NA,NA,NA,NA,NA,NA,NA,NA,NA,NA,NA,NA,NA,NA,NA,NA,NA,NA,NA,NA,NA,NA,NA,NA,NA,NA,NA
"Xeno-Canto","sound",1064105,"Alouatta sara","2025-11-16","07:00","Gabriel Leite","Bolivia","Trinidad, Cercado, Beni Department",-14.8849,-64.8851,"https://xeno-canto.org/1064105/download","wav","https://xeno-canto.org/1064105","alouatta_sound",NA,NA,NA,NA,NA,NA,NA,NA,NA,NA,NA,NA,NA,NA,NA,NA,NA,NA,NA,NA,NA,NA,NA,NA,NA,NA,NA,NA,NA,NA,NA,NA,NA,NA,NA,NA,NA
"Xeno-Canto","sound",1043364,"Alouatta macconnelli","2025-04-09","05:45","Delaitre Guillaume","French Guiana","RNN Trinité, Layon Espedeus 400m",4.6177,-53.4098,"https://xeno-canto.org/1043364/download","wav","https://xeno-canto.org/1043364","alouatta_sound",NA,NA,NA,NA,NA,NA,NA,NA,NA,NA,NA,NA,NA,NA,NA,NA,NA,NA,NA,NA,NA,NA,NA,NA,NA,NA,NA,NA,NA,NA,NA,NA,NA,NA,NA,NA,NA
"Xeno-Canto","sound",1043227,"Alouatta macconnelli","2025-09-12","05:53","Delaitre Guillaume","French Guiana","camp Arataï, Lisière",3.9902,-52.5904,"https://xeno-canto.org/1043227/download","wav","https://xeno-canto.org/1043227","alouatta_sound",NA,NA,NA,NA,NA,NA,NA,NA,NA,NA,NA,NA,NA,NA,NA,NA,NA,NA,NA,NA,NA,NA,NA,NA,NA,NA,NA,NA,NA,NA,NA,NA,NA,NA,NA,NA,NA
"Xeno-Canto","sound",1040226,"Alouatta macconnelli","2025-09-10","06:25","Delaitre Guillaume","French Guiana","camp Arataï, Lisière",3.9902,-52.5904,"https://xeno-canto.org/1040226/download","wav","https://xeno-canto.org/1040226","alouatta_sound",NA,NA,NA,NA,NA,NA,NA,NA,NA,NA,NA,NA,NA,NA,NA,NA,NA,NA,NA,NA,NA,NA,NA,NA,NA,NA,NA,NA,NA,NA,NA,NA,NA,NA,NA,NA,NA
"Xeno-Canto","sound",1035669,"Alouatta belzebul","2025-08-21","18:39","Jayrson Araujo De Oliveira","Brazil","Santa Fé do Araguaia, Tocantins",-7.1545,-48.6915,"https://xeno-canto.org/1035669/download","mp3","https://xeno-canto.org/1035669","alouatta_sound",NA,NA,NA,NA,NA,NA,NA,NA,NA,NA,NA,NA,NA,NA,NA,NA,NA,NA,NA,NA,NA,NA,NA,NA,NA,NA,NA,NA,NA,NA,NA,NA,NA,NA,NA,NA,NA
"Xeno-Canto","sound",1035536,"Alouatta belzebul","2025-08-20","09:31","Jayrson Araujo De Oliveira","Brazil","Santa Fé do Araguaia, Santa Fé do Araguaia, Tocantins",-7.1545,-48.6915,"https://xeno-canto.org/1035536/download","mp3","https://xeno-canto.org/1035536","alouatta_sound",NA,NA,NA,NA,NA,NA,NA,NA,NA,NA,NA,NA,NA,NA,NA,NA,NA,NA,NA,NA,NA,NA,NA,NA,NA,NA,NA,NA,NA,NA,NA,NA,NA,NA,NA,NA,NA
"Xeno-Canto","sound",1025530,"Alouatta macconnelli","2024-01-17","13:00","Delaitre Guillaume","French Guiana","Réserve des nouragues, ST20_PAR",4.0414,-52.6898,"https://xeno-canto.org/1025530/download","wav","https://xeno-canto.org/1025530","alouatta_sound",NA,NA,NA,NA,NA,NA,NA,NA,NA,NA,NA,NA,NA,NA,NA,NA,NA,NA,NA,NA,NA,NA,NA,NA,NA,NA,NA,NA,NA,NA,NA,NA,NA,NA,NA,NA,NA
"Xeno-Canto","sound",1025519,"Alouatta macconnelli","2024-01-17","13:05","Delaitre Guillaume","French Guiana","Réserve des nouragues, ST20_PAR",4.0414,-52.6898,"https://xeno-canto.org/1025519/download","wav","https://xeno-canto.org/1025519","alouatta_sound",NA,NA,NA,NA,NA,NA,NA,NA,NA,NA,NA,NA,NA,NA,NA,NA,NA,NA,NA,NA,NA,NA,NA,NA,NA,NA,NA,NA,NA,NA,NA,NA,NA,NA,NA,NA,NA
"Xeno-Canto","sound",1025518,"Alouatta macconnelli","2024-01-17","13:03","Delaitre Guillaume","French Guiana","Réserve des nouragues, ST20_PAR",4.0414,-52.6898,"https://xeno-canto.org/1025518/download","wav","https://xeno-canto.org/1025518","alouatta_sound",NA,NA,NA,NA,NA,NA,NA,NA,NA,NA,NA,NA,NA,NA,NA,NA,NA,NA,NA,NA,NA,NA,NA,NA,NA,NA,NA,NA,NA,NA,NA,NA,NA,NA,NA,NA,NA
"Xeno-Canto","sound",1025517,"Alouatta macconnelli","2024-01-17","13:01","Delaitre Guillaume","French Guiana","Réserve des nouragues, ST20_PAR",4.0414,-52.6898,"https://xeno-canto.org/1025517/download","wav","https://xeno-canto.org/1025517","alouatta_sound",NA,NA,NA,NA,NA,NA,NA,NA,NA,NA,NA,NA,NA,NA,NA,NA,NA,NA,NA,NA,NA,NA,NA,NA,NA,NA,NA,NA,NA,NA,NA,NA,NA,NA,NA,NA,NA
"Xeno-Canto","sound",1019607,"Alouatta macconnelli","2024-02-21","05:01","Delaitre Guillaume","French Guiana","Réserve des nouragues, ST43_INS",4.0899,-52.6764,"https://xeno-canto.org/1019607/download","wav","https://xeno-canto.org/1019607","alouatta_sound",NA,NA,NA,NA,NA,NA,NA,NA,NA,NA,NA,NA,NA,NA,NA,NA,NA,NA,NA,NA,NA,NA,NA,NA,NA,NA,NA,NA,NA,NA,NA,NA,NA,NA,NA,NA,NA
"Xeno-Canto","sound",1019606,"Alouatta macconnelli","2024-02-21","05:02","Delaitre Guillaume","French Guiana","Réserve des nouragues, ST43_INS",4.0899,-52.6764,"https://xeno-canto.org/1019606/download","wav","https://xeno-canto.org/1019606","alouatta_sound",NA,NA,NA,NA,NA,NA,NA,NA,NA,NA,NA,NA,NA,NA,NA,NA,NA,NA,NA,NA,NA,NA,NA,NA,NA,NA,NA,NA,NA,NA,NA,NA,NA,NA,NA,NA,NA
"Xeno-Canto","sound",1019605,"Alouatta macconnelli","2024-02-21","05:05","Delaitre Guillaume","French Guiana","Réserve des nouragues, ST43_INS",4.0899,-52.6764,"https://xeno-canto.org/1019605/download","wav","https://xeno-canto.org/1019605","alouatta_sound",NA,NA,NA,NA,NA,NA,NA,NA,NA,NA,NA,NA,NA,NA,NA,NA,NA,NA,NA,NA,NA,NA,NA,NA,NA,NA,NA,NA,NA,NA,NA,NA,NA,NA,NA,NA,NA
"Xeno-Canto","sound",1019550,"Alouatta macconnelli","2024-02-20","07:13","Delaitre Guillaume","French Guiana","Réserve des nouragues, ST43_INS",4.0899,-52.6764,"https://xeno-canto.org/1019550/download","wav","https://xeno-canto.org/1019550","alouatta_sound",NA,NA,NA,NA,NA,NA,NA,NA,NA,NA,NA,NA,NA,NA,NA,NA,NA,NA,NA,NA,NA,NA,NA,NA,NA,NA,NA,NA,NA,NA,NA,NA,NA,NA,NA,NA,NA
"Xeno-Canto","sound",1019442,"Alouatta macconnelli","2024-02-19","05:03","Delaitre Guillaume","French Guiana","Réserve des nouragues, ST43_INS",4.0899,-52.6764,"https://xeno-canto.org/1019442/download","wav","https://xeno-canto.org/1019442","alouatta_sound",NA,NA,NA,NA,NA,NA,NA,NA,NA,NA,NA,NA,NA,NA,NA,NA,NA,NA,NA,NA,NA,NA,NA,NA,NA,NA,NA,NA,NA,NA,NA,NA,NA,NA,NA,NA,NA
"Xeno-Canto","sound",1019427,"Alouatta macconnelli","2024-02-19","05:32","Delaitre Guillaume","French Guiana","Réserve des nouragues, ST43_INS",4.0899,-52.6764,"https://xeno-canto.org/1019427/download","wav","https://xeno-canto.org/1019427","alouatta_sound",NA,NA,NA,NA,NA,NA,NA,NA,NA,NA,NA,NA,NA,NA,NA,NA,NA,NA,NA,NA,NA,NA,NA,NA,NA,NA,NA,NA,NA,NA,NA,NA,NA,NA,NA,NA,NA
"Xeno-Canto","sound",1019191,"Alouatta macconnelli","2024-01-19","12:13","Delaitre Guillaume","French Guiana","Réserve des nouragues, ST1_PAR",4.0395,-52.6757,"https://xeno-canto.org/1019191/download","wav","https://xeno-canto.org/1019191","alouatta_sound",NA,NA,NA,NA,NA,NA,NA,NA,NA,NA,NA,NA,NA,NA,NA,NA,NA,NA,NA,NA,NA,NA,NA,NA,NA,NA,NA,NA,NA,NA,NA,NA,NA,NA,NA,NA,NA
"Xeno-Canto","sound",1006265,"Alouatta macconnelli","1996-11-16","07:14","Dante Buzzetti","Brazil","Igarapé do Franquinho, Ilha do Bailique, Arquipélago do Bailique , Macapá, Amapá",0.9652,-50.0582,"https://xeno-canto.org/1006265/download","wav","https://xeno-canto.org/1006265","alouatta_sound",NA,NA,NA,NA,NA,NA,NA,NA,NA,NA,NA,NA,NA,NA,NA,NA,NA,NA,NA,NA,NA,NA,NA,NA,NA,NA,NA,NA,NA,NA,NA,NA,NA,NA,NA,NA,NA
"Xeno-Canto","sound",1004254,"Alouatta belzebul","2017-11-02","17:15","Dante Buzzetti","Brazil","Estação Ecológica de Murici, Murici, Alagoas",-9.2144,-35.8726,"https://xeno-canto.org/1004254/download","wav","https://xeno-canto.org/1004254","alouatta_sound",NA,NA,NA,NA,NA,NA,NA,NA,NA,NA,NA,NA,NA,NA,NA,NA,NA,NA,NA,NA,NA,NA,NA,NA,NA,NA,NA,NA,NA,NA,NA,NA,NA,NA,NA,NA,NA
"Xeno-Canto","sound",1003437,"Alouatta macconnelli","2024-02-19","12:31","Delaitre Guillaume","French Guiana","Crique F20, Inselberg des Nouragues",4.0849,-52.6841,"https://xeno-canto.org/1003437/download","wav","https://xeno-canto.org/1003437","alouatta_sound",NA,NA,NA,NA,NA,NA,NA,NA,NA,NA,NA,NA,NA,NA,NA,NA,NA,NA,NA,NA,NA,NA,NA,NA,NA,NA,NA,NA,NA,NA,NA,NA,NA,NA,NA,NA,NA
"Xeno-Canto","sound",983282,"Alouatta macconnelli","2024-08-28","11:00","Fabrício Grigolin","Brazil","Caracaraí, State of Roraima",1.8544,-61.1531,"https://xeno-canto.org/983282/download","wav","https://xeno-canto.org/983282","alouatta_sound",NA,NA,NA,NA,NA,NA,NA,NA,NA,NA,NA,NA,NA,NA,NA,NA,NA,NA,NA,NA,NA,NA,NA,NA,NA,NA,NA,NA,NA,NA,NA,NA,NA,NA,NA,NA,NA
"Xeno-Canto","sound",977498,"Alouatta macconnelli","2022-04-14","05:30","Delaitre Guillaume","French Guiana","Layon Inselberg des Nouragues, 230m",4.09,-52.6827,"https://xeno-canto.org/977498/download","wav","https://xeno-canto.org/977498","alouatta_sound",NA,NA,NA,NA,NA,NA,NA,NA,NA,NA,NA,NA,NA,NA,NA,NA,NA,NA,NA,NA,NA,NA,NA,NA,NA,NA,NA,NA,NA,NA,NA,NA,NA,NA,NA,NA,NA
"Xeno-Canto","sound",977495,"Alouatta macconnelli","2022-04-14","05:30","Delaitre Guillaume","French Guiana","Layon Inselberg des Nouragues, 205m",4.09,-52.6827,"https://xeno-canto.org/977495/download","wav","https://xeno-canto.org/977495","alouatta_sound",NA,NA,NA,NA,NA,NA,NA,NA,NA,NA,NA,NA,NA,NA,NA,NA,NA,NA,NA,NA,NA,NA,NA,NA,NA,NA,NA,NA,NA,NA,NA,NA,NA,NA,NA,NA,NA
"Xeno-Canto","sound",977494,"Alouatta macconnelli","2022-04-16","05:30","Delaitre Guillaume","French Guiana","Layon Inselberg des Nouragues, 155m",4.0891,-52.6816,"https://xeno-canto.org/977494/download","wav","https://xeno-canto.org/977494","alouatta_sound",NA,NA,NA,NA,NA,NA,NA,NA,NA,NA,NA,NA,NA,NA,NA,NA,NA,NA,NA,NA,NA,NA,NA,NA,NA,NA,NA,NA,NA,NA,NA,NA,NA,NA,NA,NA,NA
"Xeno-Canto","sound",977493,"Alouatta macconnelli","2022-04-16","05:30","Delaitre Guillaume","French Guiana","Layon Inselberg des Nouragues, 155m",4.0891,-52.6816,"https://xeno-canto.org/977493/download","wav","https://xeno-canto.org/977493","alouatta_sound",NA,NA,NA,NA,NA,NA,NA,NA,NA,NA,NA,NA,NA,NA,NA,NA,NA,NA,NA,NA,NA,NA,NA,NA,NA,NA,NA,NA,NA,NA,NA,NA,NA,NA,NA,NA,NA
"Xeno-Canto","sound",977490,"Alouatta macconnelli","2022-04-17","05:30","Delaitre Guillaume","French Guiana","Layon Inselberg des Nouragues, 130m",4.0882,-52.6817,"https://xeno-canto.org/977490/download","wav","https://xeno-canto.org/977490","alouatta_sound",NA,NA,NA,NA,NA,NA,NA,NA,NA,NA,NA,NA,NA,NA,NA,NA,NA,NA,NA,NA,NA,NA,NA,NA,NA,NA,NA,NA,NA,NA,NA,NA,NA,NA,NA,NA,NA
"Xeno-Canto","sound",977487,"Alouatta macconnelli","2022-04-16","05:30","Delaitre Guillaume","French Guiana","Layon Inselberg des Nouragues, 130m",4.0882,-52.6817,"https://xeno-canto.org/977487/download","wav","https://xeno-canto.org/977487","alouatta_sound",NA,NA,NA,NA,NA,NA,NA,NA,NA,NA,NA,NA,NA,NA,NA,NA,NA,NA,NA,NA,NA,NA,NA,NA,NA,NA,NA,NA,NA,NA,NA,NA,NA,NA,NA,NA,NA
"Xeno-Canto","sound",1068399,"Alouatta seniculus","2021-09-18","11:30","Guilherme Melo","Brazil","Ramal do Noca, Rio Branco, Acre",-9.9963,-68.2054,"https://xeno-canto.org/1068399/download","wav","https://xeno-canto.org/1068399","alouatta_sound",NA,NA,NA,NA,NA,NA,NA,NA,NA,NA,NA,NA,NA,NA,NA,NA,NA,NA,NA,NA,NA,NA,NA,NA,NA,NA,NA,NA,NA,NA,NA,NA,NA,NA,NA,NA,NA
"Xeno-Canto","sound",1045569,"Alouatta seniculus","2012-04-02","06:00","Lars Lachmann","Ecuador","Sani Lodge, Sucumbíos",-0.4383,-76.2791,"https://xeno-canto.org/1045569/download","mp3","https://xeno-canto.org/1045569","alouatta_sound",NA,NA,NA,NA,NA,NA,NA,NA,NA,NA,NA,NA,NA,NA,NA,NA,NA,NA,NA,NA,NA,NA,NA,NA,NA,NA,NA,NA,NA,NA,NA,NA,NA,NA,NA,NA,NA
"Xeno-Canto","sound",998906,"Alouatta macconnelli","2024-01-19","07:46","Delaitre Guillaume","French Guiana","Réserve des Nouragues, ST30-PAR",4.0425,-52.6779,"https://xeno-canto.org/998906/download","wav","https://xeno-canto.org/998906","alouatta_sound",NA,NA,NA,NA,NA,NA,NA,NA,NA,NA,NA,NA,NA,NA,NA,NA,NA,NA,NA,NA,NA,NA,NA,NA,NA,NA,NA,NA,NA,NA,NA,NA,NA,NA,NA,NA,NA
